id,label
001e13533,41
0021f0d33,53
003882deb,9
0039e54f0,43
003b89961,49
00450d304,46
0045ce94c,67
004b88e09,95
0053fa6c4,103
006afe0ef,91
007258826,49
0072f64ea,49
007455d6a,11
007d156b7,17
00856dfa9,82
0087eeefc,89
009216487,48
0094a72e4,52
009b39e15,43
00a7a6244,74
00c12e4ff,49
00d32bef1,4
00e3084c1,102
00e4f514e,103
00f05ea9e,4
00f9d0e97,29
00ff2c720,73
010c5d8fa,47
01163c5e2,25
0119427db,17
011d32580,7
0120d37e5,75
0124e277f,52
01262c8b3,67
012e26395,50
012f05d4c,4
01337a0cf,77
0134f018d,35
014809654,93
01492b421,93
014bc73f0,29
01520f1c3,90
01555bed7,69
01597bbec,48
015a601e3,15
018353f1c,49
01863f6d7,49
0186b465f,48
019a2efb9,79
019df649f,32
01a3fdd52,87
01c00d9c8,53
01c633ff1,74
01ce7d2df,12
01cf43e0a,80
01f76a519,18
02040055f,83
02055dd80,67
02073dfee,29
0208143a9,53
0210ba20b,46
023520fc4,69
02378eeef,50
0240a9430,0
02434c828,41
024ecc6fb,77
0251a7082,4
025960a54,79
025c07b54,51
026d342fe,93
026d4082b,94
027ff9d9e,83
0281e01e3,9
02821f581,95
028852549,102
029c37998,22
02b01a158,103
02c52b451,4
02d70ed11,7
02d846418,68
02e2f1ca6,94
02eea69ff,53
030364f27,41
0308348b8,14
03091fb7a,49
0313b9d4d,81
0313e231a,47
0315a723c,53
031a7c19c,0
032ca1556,51
03333ea62,46
033c8773d,72
033f56581,21
034ef87a4,14
034fca563,103
03536aa93,53
0354bcfbb,67
035d2bcd9,103
035e7fa21,68
035f7cb0e,49
038c1315b,71
0394a004e,75
0395f93d8,94
039b15a83,13
03a46c116,53
03ac6694b,64
03af10094,14
03c4126b4,4
03c54f05f,67
03c9840a9,30
03e5f5846,46
03edb6308,71
03f8a7638,48
0401b69cc,76
040684077,41
0416248e8,103
0422f8181,12
042c90107,74
0435e3c70,13
043666ac5,49
046b83571,4
04721ef43,53
04758b7d2,56
0476b626a,15
048596edf,49
048fe3ca8,75
049402ee8,102
0497c3265,39
04a069392,75
04a7a4f50,70
04a7f34aa,67
04a9517b0,95
04bc5ff61,67
04c9322f3,4
04cbe7a50,97
04d9215b3,4
04da4955d,75
04e0d362e,74
04ec1f692,67
04f9e9721,49
04fdbddd7,79
0501292e5,12
0502ffb63,51
05071bc4f,73
0509887de,21
050bb1262,72
0510cce3f,103
0523c9801,67
052d2dde2,67
052e7f031,67
052f7e154,53
053198ea7,75
0535ccb68,53
0542511ad,4
0543d5d92,103
054412f7e,55
054de124f,48
0551c57d5,53
0555a95db,4
0556575d8,29
055988ad2,14
055ca7ae5,67
056767c8c,14
057112f09,103
0571dcc03,0
057cfa1b3,75
057d2b6d4,58
058cebd78,49
059ea5059,12
059ee98dd,10
05a32258d,13
05a947c38,50
05ad9d40c,4
05b14593a,48
05bd91dd4,103
05c992976,47
05c9fcf03,53
05d03cdb2,4
05dc093b8,43
05e218a53,94
05ef686b7,102
06006e0c9,47
0608f2ec0,0
061988edc,50
061e3b226,48
061e6510e,67
0623719c0,4
06291a920,75
063528d00,36
064a230b7,77
064d949d6,44
065817704,10
065c9b5be,59
06631da4c,75
0664c88a1,0
0667667be,4
0679c1097,67
067c659b5,103
06846ff3d,89
0693e839e,103
0698ae8e2,39
06a1a191b,49
06a271f97,68
06acca7ac,73
06ad3fc5c,5
06bfec1b7,4
06c56276e,17
06cf3311a,48
06d517e80,82
06ebbb560,4
06f00d362,50
070a1abea,49
0713eb9a5,53
07184caac,102
071eaaad4,90
0721c0bc0,53
07283a3e1,103
073a72a81,83
07550addf,7
075602d66,25
07565a412,1
075d6bb86,5
07718a208,73
077e33f0c,89
07803a6a2,62
078233359,50
0787857e3,60
07a4b0444,53
07aad3ba6,41
07b1b52f5,67
07b1b8c87,31
07b2fe99c,53
07b2feecb,76
07b9edd52,93
07be81d64,67
07c0d22bb,102
07ccfbc89,53
07ce81250,57
07d138d01,77
07e4f36cd,94
07f10b39f,70
07f85cd68,71
07f8cc8ca,48
07f963c50,50
08031b106,53
081ee9650,102
08263abdb,94
08271595e,81
08302b7a3,21
083109f62,68
0835292c7,0
083c5dcc2,10
083ee0c99,5
084527620,76
0847f61d9,73
084919197,67
08516fa85,50
085b33a8f,22
085ed175a,77
0862d460f,4
086d87731,48
086fcc48c,53
08710eaac,49
0875c4f20,88
08770c1d1,53
087a71f75,45
087d3bbf0,13
08820c254,103
088864629,56
088b35ed1,75
089c2739f,20
08a1c14db,40
08a78ffc3,12
08a7d77fa,98
08b4c02fe,67
08bee6dbf,93
08c3da1cd,77
08c71ca8f,10
08d076fb7,75
08ffacb06,50
0905820a2,96
090a1154e,42
092187ff7,4
092be0405,102
093f50986,7
0950aa4c0,14
0963e2956,8
096df77da,49
096e3e1fd,87
09780bc52,88
097dde704,63
0993a96fb,45
0999994cd,24
099a2107d,45
09a438bae,9
09adc5faa,90
09bc0c309,41
09c208a92,67
09c2d54ec,56
09c8ebae3,22
09cec0e8a,45
09ddc01cb,103
09ebedf6a,49
0a117eab6,39
0a159c5f5,56
0a2e4e1f8,68
0a383f1bb,47
0a38b5a6f,13
0a399baa5,4
0a4ddf5c2,72
0a5f90dd1,48
0a63cce73,103
0a71ab4c3,50
0a73725b6,79
0a7989f52,102
0a825b67a,49
0a8a36c25,102
0a90e5cb9,92
0a98a2179,49
0a9e05e74,80
0aa1d9c98,69
0aa405eec,67
0aaa84d90,0
0ab78aa76,48
0abb8d338,56
0ac2378b9,86
0ac5ebf0e,52
0ae82a090,86
0aeacb28f,4
0aebb315e,86
0af1026b6,103
0afbefa46,72
0b027c740,29
0b061eae3,67
0b1605a22,47
0b1ddcd93,75
0b25964e1,4
0b2640e87,102
0b3a02b48,41
0b3c9e1a9,14
0b5c8e646,103
0b619448f,103
0b624f751,67
0b75f1f48,14
0b8333bd9,68
0b8824c7a,24
0b982469b,53
0b9841d58,53
0b9afbdf2,3
0b9edd8f9,70
0bb20e5d8,53
0bb9c3f30,96
0bc02eae2,18
0bc95b595,4
0bc95f66e,72
0bd70c4ae,94
0bdbc4859,48
0be01212b,95
0be370901,25
0be81ab06,72
0be920d76,31
0befbdd9e,94
0bf251179,95
0bfb74564,80
0c076890a,75
0c288213f,79
0c295f0fe,18
0c3928144,8
0c3ae4377,81
0c4cc8319,13
0c548045a,25
0c56833c4,103
0c6b189f3,67
0c705e746,71
0c76a33ad,74
0c79ae44d,102
0c7c4d0a7,4
0c8abe310,9
0c8b4c597,13
0cb8a264e,4
0cbc27679,102
0cc1eccf5,5
0cd2a25e5,76
0ce2742b7,46
0ce7adbea,39
0cea1df9c,81
0cec3ad84,48
0cf33d505,49
0cf6cceda,19
0cfc11aec,49
0cfca4a37,46
0d0202522,68
0d0b4631c,73
0d27bbb79,46
0d3269c35,4
0d48d68af,30
0d4b7df42,71
0d558f91e,67
0d5832dd0,46
0d5f19588,102
0d613de49,48
0d69ec15a,65
0d6befa42,9
0d7c08885,67
0d7eab0ce,40
0d8d7ecde,49
0d97ef626,96
0d989f57f,72
0d9ca96d7,74
0d9e342f6,43
0dac4246a,43
0db15a736,24
0db5748ed,4
0dbbde2b4,75
0dc26fe1b,47
0dc507ad4,48
0dce2cb5c,16
0dd4bac89,103
0dd7f1f16,30
0dda08338,0
0de25d05e,90
0de5f6578,102
0df8316cc,67
0dffe81ea,97
0e0caa0a2,4
0e1199571,4
0e1fdb95a,49
0e3a60b3f,48
0e3f76f4b,53
0e4cdf053,12
0e538051c,4
0e5ddc603,4
0e5e79e60,11
0e62ddf15,4
0e675095e,74
0e6c034cd,103
0e6cad3b3,45
0e7c4c272,57
0e8760c38,103
0e9e5a0f0,75
0ea779a14,74
0ea98df12,49
0eb530d0d,25
0ec158f7a,101
0ec8c4296,48
0ed0741d4,53
0ed9ee6bb,67
0edbc1625,4
0ef6541f9,32
0ef6a4923,14
0f0ccd222,95
0f25f79f8,67
0f33f1ca9,103
0f340c3cf,79
0f40f447a,7
0f58c281a,46
0f6325318,52
0f9da9757,67
0fa462f68,4
0faa6c65f,97
0fc65150e,15
0fc91f469,53
0fccb02fa,74
0fcde961f,73
0fd1b5059,67
0fdb2e372,71
0fde7a334,74
0fdf5073b,68
0fea673a3,52
0feb4e2ef,10
0fedbbf5f,4
100c6474a,43
10101e982,67
101551fbc,96
101970f4e,12
1037cd266,53
103a4a0e6,67
103a5633a,102
1081dc395,64
10950efeb,81
109a722a1,49
10acd2f2c,73
10b54687f,45
10bd19c33,69
10c4c8d44,88
10c508f77,73
10c568a02,89
10dee0305,5
10e3859fc,8
10f4c026f,65
1101a003d,29
110dac9f2,24
110f7428e,49
111223138,95
111388cb7,71
111581957,9
11300f71f,49
1134b4a4b,102
114c7355e,0
114d128ca,48
1151a0d22,102
1153cf999,103
1157fe26d,72
1161f79f4,91
1162b2c5f,95
116b7f1b1,67
116dfb5a5,55
117122b38,72
117551743,87
117831b8b,47
117aabfd8,29
118a60f12,86
11b0ea314,12
11b363237,46
11bc7f078,30
11cd8f57a,92
11ce56786,29
11db2e1d4,51
11e3afa83,103
11ed4fed5,29
11f448738,63
1218dabe7,52
121fbeff6,81
121fc6463,0
1226ffc63,94
123a13515,67
124b3526c,18
124e119b4,13
127e61a47,49
1289609e3,102
12b48d46f,70
12b630964,47
12c03d834,4
12c738d87,73
12d007adc,91
12eb5dc94,56
12fb0107d,72
12fdb3200,9
1314201bc,53
13166036e,49
131ea4f52,46
132144011,7
132212f11,75
1327f9bd0,53
1329c5b4a,75
132ebe116,0
13330e605,55
1336ca52d,45
1344e985d,41
13452bf5e,7
135359fe2,29
1363038b9,102
136b3c7b2,57
137107106,75
1375fd010,95
138275e36,71
1394e9ef2,103
139aad8b2,39
139b1d751,53
139bec7ca,29
13ae95d53,75
13c92db23,0
13d3c108e,77
13fdfe24d,92
13fff11ed,70
14024c433,71
14057210c,49
140c059f2,102
141ee85b9,10
141fe61d6,9
142929b13,102
1432b2d26,8
143b75258,21
143e26686,6
14453eb64,88
1446df348,18
14519334a,79
145628804,52
1461713ad,4
146463828,56
146fc86a4,88
1474acef0,71
147c34f21,39
147d79f8a,68
147e5ef99,102
149c9e414,103
149d11de6,53
14a69e3ad,9
14a804b2f,75
14ad22971,71
14b239870,49
14b62edb7,103
14be34092,99
14d0bc36e,87
14d3647ae,73
14e124c03,4
14ea3ffb9,58
14fe67e77,75
14ffc1505,40
150643baf,67
1507fc4a8,49
1513105d2,68
151b27a24,67
151cd8478,82
151d03177,8
151e1bb21,49
15409e0d2,0
15442a507,5
1548838d2,48
154896ab2,81
154f5a75b,75
155727e57,73
1557e4b6e,102
1559449c3,73
155c1e966,41
155f68180,64
155fda1aa,0
156c0950f,72
157924ece,41
157be3bb4,10
15a4485d5,48
15b77ba34,43
15bbc7306,103
15bcf0bc5,79
15c1eb33a,45
15c5a0a46,11
15ca2c59d,81
15cb0c24a,4
15ec03f5e,102
15ef197c6,84
15f331c1c,4
1600cce78,45
161a7d556,102
161acbde6,4
165378703,57
165766e9b,10
165ca8a81,59
166c6bbf7,72
166cc9d99,0
167bb4270,28
16810b3aa,16
168f633fc,67
1691d45e6,59
16ad94559,93
16b00a5d5,53
16b341509,43
16c791a6f,102
16c7a397f,48
16e29883d,102
16e7f18d3,79
16f9971d1,48
170517f38,0
1706c5144,14
17118cb89,13
1711fd57d,68
171d91683,68
1749a6a95,5
175e8c4fa,43
17625283c,86
176afa321,47
1770a3955,39
1777595a2,49
178290233,47
179aa8d61,45
17c2e1b73,48
17c8dae41,72
17d0be640,75
17ec6d74f,82
17f8af701,68
182c9e6ef,73
18377be3f,18
1837b91e3,87
183896a90,13
18414db75,14
184b78ad0,67
185f4651e,82
1867b3487,4
186a8ff9c,68
187b49cc5,102
187ba6ef0,103
1886b234a,4
189976301,67
18a0fa20c,50
18abb30af,4
18ad828b7,69
18b1c8787,10
18c42b6b8,4
18c7b92b8,41
18ca651a1,74
18ce23111,67
18d41400e,13
18d6844a0,49
18e22af9d,70
18e4061dc,86
18ed42876,71
18fba1554,52
1914b6245,67
19248ab83,72
192bbbbda,27
1932af102,53
19466d61e,53
1951c5fbe,49
195bacee1,67
1971e15b7,49
1972bae11,90
197830e87,67
1984a614c,81
1989da31f,4
19a795eab,42
19b046852,103
19b1f6ed1,82
19b55b489,45
19bcd7864,20
19c5ba9b6,103
19d5edc51,51
19e07f757,42
19e239913,43
19e44b02f,81
19e95658b,103
19f18eb63,55
19f37512d,54
1a0d4b775,4
1a0fb01d4,43
1a25cc01e,49
1a2ba059a,11
1a2e45581,79
1a33ad4d8,56
1a40b279c,4
1a4dc4b2f,103
1a5872fb5,65
1a5b47e16,4
1a5d9c089,103
1a5e9517f,90
1a6b89e31,48
1a6e886f2,102
1a7463151,65
1a751ac8b,15
1a902c080,49
1a96992d9,67
1a993f386,73
1a9d0eae3,48
1aa8492a8,18
1aacc5bb7,48
1abc6d06e,73
1ac65f43b,47
1ac744f9f,81
1adf45393,103
1aebb60d1,1
1aeda3f6e,75
1aefb1a74,4
1b0656451,12
1b0684dc7,4
1b07b0a53,47
1b0a08a16,77
1b0d7769d,79
1b2d48186,16
1b3705cfe,51
1b426a50d,0
1b474b251,81
1b4a28bcb,48
1b4b7b0aa,103
1b4beb2ee,77
1b4edfea8,14
1b54ef9a0,103
1b6242f80,67
1b7916b63,102
1b7aef8e8,79
1b8a45d4d,102
1ba32dd82,46
1baa33eaf,80
1bb8d0c39,39
1bbcb152a,83
1bbceba89,67
1be394776,49
1beb08caf,39
1beb4e8ef,50
1bf635fcd,103
1bff5085b,67
1c074bd0f,67
1c08a7736,72
1c0c4fa86,8
1c1daa6da,40
1c30e72d1,73
1c35c04a8,53
1c39926e6,103
1c3a7bc99,18
1c435d13c,4
1c4736dea,28
1c4a00029,53
1c4ad0e13,0
1c4bdac93,103
1c5a3287d,61
1c5dacd9f,69
1c63f50d1,49
1c64ecac8,69
1c7354786,51
1c8122f7e,87
1c88f1550,67
1c8c53577,0
1c92e2b89,7
1c946e0a0,24
1ca3b1ec9,75
1ca8e07c2,50
1caf8b7dc,47
1cb630a6e,77
1cb8e917f,14
1cccba04f,88
1cd461407,1
1cdfd8172,68
1ce1a7e34,102
1d03ab65a,75
1d0cc3798,80
1d145016f,0
1d149bccd,13
1d1b18d38,69
1d1f028b2,102
1d24f052a,10
1d3399cbf,98
1d3f0519b,48
1d49676bf,48
1d51372a8,95
1d6fbd789,47
1d73dffbc,67
1d73e26e9,67
1d762bf2b,4
1d808a2d1,91
1d88115ad,103
1d8ca740a,17
1d8f28be5,103
1d9693978,57
1da642ca9,103
1dae04aa5,10
1dbaa5744,13
1dc077696,29
1dc234d6d,48
1e0d2fb87,59
1e155978a,103
1e26604ea,21
1e28c6a4e,41
1e2c7b899,5
1e3e2da00,18
1e59b9929,37
1e71b66ad,58
1e73b74aa,103
1e793aadc,4
1e8175d27,17
1e8c44cbe,28
1e91a06c4,53
1e954dd4c,21
1e9cf8264,16
1eabd5622,9
1eb6f22d5,48
1eb8876a9,78
1eba038ad,80
1ec665f37,50
1ed9fc0aa,52
1ee5a55be,28
1ee86a298,48
1ef078208,13
1ef2e4de1,4
1ef426390,4
1f00c0495,68
1f0642fd4,85
1f1d99593,60
1f21ecd18,4
1f244d315,102
1f2621b4c,102
1f2eca93a,72
1f342e690,75
1f36484d7,49
1f38d6778,94
1f3e62b48,78
1f411d101,95
1f42a9439,74
1f5a8d8c0,68
1f631a7a8,79
1f65738b8,51
1f673a775,21
1f750d4e6,75
1f7554862,13
1f8e21c54,49
1f937e111,96
1fa3035ed,79
1fa6772be,103
1fadcbda5,103
1fb1edaca,75
1fb27e305,87
1fb364cd2,47
1fb45cb2b,93
1fc614660,49
1fda84008,82
1fe1115ee,102
1fe1e5c34,94
1fe3921d9,103
1fe55a939,12
1fea6253b,94
1fed3b30e,81
1ff3a322b,103
1ffdf0d9b,62
20048b328,18
20079ffd6,103
200cac2fd,47
2013e7b99,10
201a74da3,27
202a8996e,18
202b90ad1,49
202eabfc4,13
2043fd8b7,48
20563ebbc,67
206696cbf,13
206b27d1a,103
2072cd9f3,77
207684fb9,67
2080c5234,71
2083b8669,103
209b4da16,4
209e45144,49
20a48922b,15
20ac1c597,46
20aea9077,79
20b4cff1d,87
20b97d483,90
20be2b5b5,55
20cbfadeb,49
20dbff58b,77
20e16a0b1,78
20e92f82d,83
2103e7549,90
2118eb37b,91
21191d2da,73
211c90566,75
212081efd,86
212497b97,93
213cea039,76
214121cb3,87
21608cb5b,14
216703083,45
2178a407e,72
217fbb923,96
2184fa6f2,8
218676c6c,90
218e61006,17
218ffc7c9,13
2194ed33a,73
2198f8dae,49
21a0ef857,24
21a5f41f7,4
21b24a7fd,12
21c09e349,46
21c3d4a53,79
21ca80954,103
21d31d208,48
21ea59543,45
220b46a44,0
2212d47f2,62
2213dd7ad,45
22149c3fd,67
22207b7e5,39
22324cd72,28
224416fdb,91
224d2ad17,75
226a4258e,41
226ff375e,68
228540138,30
228f748d6,85
22915105d,63
22a46a27e,29
22adafc7d,16
22b20a20f,7
22bca0aa8,47
22be03235,47
22c98bd18,72
22cbf6e58,13
22cecb30b,4
22cef13f0,69
22eaa8132,49
22f63c29b,103
230302d1d,83
23052c6f1,77
2309219de,87
230b4a95d,43
2313d0e1c,45
23253eaed,68
232a50a3a,40
232ad11f4,80
233db9b4b,10
234f9781c,49
23620cfdf,51
2367b5056,53
237c95bc6,13
237fe1fb0,37
2382c277f,75
2395c9740,49
23a1a3753,45
23a39f766,84
23a5ec48b,98
23b33fd15,103
23c567b03,93
23cce6771,82
23d5c512f,53
23e50dcaf,24
23e9b2025,49
23ea06b99,95
23ea13205,9
23ee9f44b,42
23f7b7a7a,102
23f8fc3d9,48
23f960bbc,67
24032b382,90
240684145,49
2406dc526,81
2406e977f,49
240e151af,67
241202d64,72
241a96f41,103
24261e7f3,69
2429cadb3,49
2449b5518,102
2451960a2,25
24526b077,29
245d80d97,56
2461915f8,102
246798d36,4
2476c4270,9
2482d97e4,51
24aae97eb,73
24bc6b404,48
24bc9be2b,90
24be941cd,24
24c202e61,45
24ca41300,5
24cc36b04,95
24d5596ef,103
24dddb20c,9
24ee77db7,48
24ef54ca8,74
25004084c,67
25079853b,48
250af268e,103
250f0fa92,48
250f30059,103
251a8d95d,53
252d840db,67
2538e0716,14
25405d6c9,87
2542212f7,73
2545ad929,42
2557c29c7,68
25691eb59,28
256e89fc6,85
2575123f6,67
257de6c9a,10
2586669bc,48
258ff457c,102
25a24e8b6,61
25b1a1971,14
25b587ccf,68
25b6d41a2,67
25b7cecbe,68
25d63647b,47
25db0cefa,71
25e5d12e0,67
25e91d523,78
25f594d35,48
25faa6813,10
260517e44,71
261838dd1,50
2618facbd,72
2623d36fe,67
263d09ca7,3
26417279a,103
26444f504,4
264d83a6c,0
2655440a4,4
266776fdd,53
2669b2dde,75
266ae8451,67
26806e9cf,87
26844c8f3,77
2688859c7,45
2688f98e3,12
268c2e415,82
2690d9568,47
26914358f,41
269695569,20
269d88554,25
26a12de02,73
26a59215c,53
26a9dc162,66
26b07058c,102
26b8d61ab,12
26bfb56fa,53
26c144947,102
26cf9ecfe,73
26d1c3498,8
26d1f0e73,53
26d9a1072,77
26ee00728,2
26f0c457a,53
26f14822a,29
270611007,55
270665eaa,67
27178e6d0,86
272457fe0,66
27391414f,103
274009fa1,40
27455ebf9,18
274f4bd2e,87
275952360,28
275fa220b,102
2772dab8f,102
27753debd,4
278e2fa12,16
278e6c9fc,28
27a95ef27,48
27aa48f60,12
27ba808dd,56
27bf39b00,9
27c1d078f,18
27c66fcb0,102
27c74d8a8,71
27d271279,4
27dc84ff6,103
27e7900b8,52
27eb5a7ee,50
27f69132b,3
280b71230,49
282419eda,67
282dca22f,47
282e04df1,46
2841a62a6,57
28462ed13,14
284bb203a,45
284fc118f,49
2858fae7c,72
285e0bc7e,0
285ff0263,48
2861b1d79,58
2873bf12a,4
288510b49,73
288772300,49
288d4365e,75
288feaf8f,67
289e5b823,77
28aef7cc5,47
28b08d407,49
28bab70cd,94
28c5b096e,97
28dd39f92,14
28ee705b7,74
28f0909fc,86
28f52a866,29
28f90d5f0,79
28fa2b3c8,12
29026b0a6,98
29040ce6b,4
2939aa5df,40
2957381ac,13
297d94118,73
2984c04e1,8
298ade3a4,49
298cf5bb5,48
2994ca253,71
299e1957c,48
29a02c757,63
29a77c458,13
29add8561,103
29bd0c56d,83
29bfe409f,51
29c460e2b,45
29d5a8bd5,103
29d710a29,75
29d87bc0c,5
29ee6d680,53
29f49cd83,82
29f4ab45c,102
29fd845c1,28
2a017a2ec,73
2a0404164,49
2a0a14e04,49
2a0a2ea23,103
2a0dc41cd,35
2a0eb44d2,91
2a158f54c,68
2a18f7ed4,3
2a40c5664,91
2a459a0aa,87
2a499fa40,67
2a5d624ae,67
2a5df761d,76
2a5e80a12,63
2a60639ba,14
2a608c0db,103
2a69bcce9,4
2a69fa3a2,42
2a7c1dbf3,4
2a8131dc4,18
2a872a9ef,16
2a914ceb8,73
2a94eba93,73
2a98afbbb,3
2a99b0118,67
2a9af9154,32
2aba48b93,83
2abdb1c5c,47
2acaabdf6,4
2ad779d27,4
2ad78f9c2,48
2adebc1b3,18
2ae165ee8,76
2ae7f866e,53
2ae85b034,53
2af4172c7,56
2af766509,21
2afecec3c,46
2b07811fb,83
2b08a162a,102
2b1ceb24c,81
2b1fb675f,46
2b313ee7c,102
2b347b559,57
2b3d7a7da,25
2b403205a,48
2b4605245,29
2b47bed50,103
2b4be937e,28
2b5c4fa01,81
2b5d0e5c2,72
2b5f79660,67
2b71757d7,36
2b782bb3f,79
2b7cf3253,14
2b7da32fa,5
2b8f0ac5d,4
2b91acd3b,87
2b95366a8,0
2b9959134,83
2b9d54083,36
2bb868394,99
2bc4dc850,72
2bc5a1d42,67
2bd2ebfa9,4
2bddd2904,73
2bec0d2ea,103
2bed40346,12
2bf04d18b,71
2bf06cd03,75
2bf69c9a8,93
2c009b580,84
2c05dd6e0,94
2c061c902,103
2c0fac807,8
2c2579451,12
2c2f59092,99
2c2ffb258,79
2c302c916,35
2c3a35bfd,67
2c4213574,24
2c54bc2fb,80
2c670a497,67
2c69b633a,49
2c6c478d1,67
2c6e87c72,94
2c73bd62a,51
2c79f3a6b,95
2c7a32907,35
2c7ce5049,49
2c8530a58,70
2c8b6d457,93
2c8f66cc6,48
2c9dc020d,83
2c9e28482,79
2ca0a45cd,26
2cb2c881e,14
2cb6d8130,67
2cba09f03,70
2cc73c0c9,67
2cccd8e5e,46
2ccf28e9f,45
2cd58674e,62
2cdb115b6,14
2ce1e0b6a,30
2ce2f09d3,4
2ceabb5ef,49
2cf137648,67
2cf6e6419,87
2cfc6468e,73
2d0752813,89
2d0832480,62
2d0fa50dd,96
2d10d39ba,67
2d17418c3,96
2d1ee50cd,68
2d3c0a80b,103
2d3ea8986,103
2d40a8e47,81
2d46aba06,73
2d54b796a,78
2d611a037,2
2d64f0901,14
2d6826d81,67
2d8716e8b,4
2d8c06a3a,0
2d9284433,49
2da61d102,64
2da86b144,79
2daf558c1,12
2dba0571f,83
2dc55fb57,68
2dd56f346,69
2ddbb0f83,80
2deaeb284,102
2df00f8e9,13
2dfc47c2c,67
2e0bc183b,87
2e0dbcfbb,71
2e1a7e4a8,71
2e211accd,84
2e21540ac,86
2e31631e4,27
2e36d4f93,49
2e3fc37e5,0
2e4395110,75
2e478a3cb,53
2e494a369,70
2e78d7d23,24
2e7d74e55,24
2e7fad027,10
2e8a14696,53
2e9790332,18
2ea467d26,73
2eaf291d2,14
2eb1d2313,41
2ec187152,16
2ec1937d2,68
2ecf2e9de,67
2ee5a9066,9
2ee9ba725,47
2ef28fa69,103
2f0224a9f,4
2f0b8155a,84
2f1f2d1d0,0
2f230552c,67
2f29a2a9c,73
2f2b2a1f9,73
2f36a9903,49
2f460d807,4
2f4739680,14
2f4a6e151,47
2f4c11e66,51
2f5064517,77
2f57d711b,4
2f75192e2,0
2f8b40852,73
2f90dff16,43
2f9bf2b8a,84
2fa4ca1db,41
2fa8f8b85,67
2fafd906d,81
2fc266682,78
2fe816ce2,13
2ffc025ec,14
301054988,49
301315f25,47
302e11bd2,23
303979023,73
304631d59,49
3052916cc,95
306cd2f2b,57
3070a069b,73
3070b77cf,55
3076e7608,7
30802b47e,102
3081eb3d7,94
3085e18eb,80
3088361cd,53
308dc8750,64
30964e186,4
30b4b7aea,75
30b7ec090,98
30bfe5b05,54
30c74817b,91
30d9b6204,91
30da0fe81,11
30df475fe,103
30e522542,0
30e68f7e7,71
30e800167,103
30e82e694,29
30e9b5b6a,102
30eaaa6c9,87
30ecc23d5,48
30f515f27,0
310f07ff4,49
311799a0e,48
3127f8637,67
313055a9e,86
31323febb,93
3149540a2,73
314dd31b2,83
315a148f3,0
315d0c65d,53
316c28a80,40
31750199b,36
317b22963,90
317c8b0f1,4
317d04297,22
318d049f2,49
319090100,72
319a4d6d7,77
31a00d007,28
31a7d4530,40
31ad8f4ab,87
31dae2136,67
31dec703e,41
31e5dda95,4
31ee17f77,49
31f2e5155,86
31fd82f08,103
320890eb5,4
321437b6c,49
3224015a6,67
322b5e989,49
3231b476a,0
3231f45f3,53
3232d6f56,13
323884b26,30
3239f2f66,93
3267460df,48
3271ed094,68
32863f792,4
3288217e1,42
328aba75f,1
3294a097e,75
3294f5eb0,24
329581d4d,80
329793680,102
329d815e5,93
32a1d9f65,40
32a2079ff,49
32aa8548d,78
32b46db46,3
32bcd07f0,0
32bd3826f,56
32c22cba6,6
32d710e55,78
32d9fa7d1,71
3303a56a6,45
33096a299,4
330ca12c5,94
330cc9d05,24
333118494,33
33332272e,103
3333af434,80
333b45bf1,24
333beeeb9,48
334118e8f,0
3341a6efb,77
334df9a32,13
3353b9bda,17
336577848,103
337187c30,67
337c0f7d7,65
337ffc67f,82
339153138,53
339430425,51
33948db2d,50
33a504d5d,87
33aacd395,47
33ad24008,47
33b3a9955,4
33b9d73b8,4
33d008671,81
33ee9899d,67
33f20f40b,4
33fd32684,49
3406f987f,54
341538182,12
341b65192,73
341eee5b2,21
34302ff94,4
3433a69c3,0
343a80f91,27
343bdb4b8,76
343f4db58,67
34438649b,43
344a190fa,103
34589c202,103
345b6fc68,70
345f66bc8,13
346182497,49
3469925a7,0
346d6fc1c,43
3474e728f,102
347c449c8,79
347f41bd1,4
348bfc268,0
3496823c5,4
34a95a94a,102
34aceeacc,40
34baaa6cb,101
34c4cf37e,35
34c97f64c,2
34cc8d691,30
34d222c51,75
34d736b06,4
34f820893,41
350182af5,97
3505d54bf,49
350c32674,60
3510270ee,39
351f462dc,95
3522d5b4e,47
3526d7815,103
352a2c45f,82
352d983b1,5
35311eba4,91
35372e4f4,103
3537c6c84,68
35396fb82,30
353bf092d,81
353d4bd0e,76
3552b2954,51
355abfa16,49
35659b2ff,67
3569ab6df,41
357b3b1d3,58
358530103,67
358cb6a28,68
358e5478e,4
35946cce9,103
359625cf3,40
35975d1ab,30
3599e2fbf,85
359c8a8bf,50
35a08a010,4
35aa8898b,91
35b66a46d,76
35b87f500,81
35b896087,67
35b89eb8c,73
35bb514f0,60
35c0567f1,0
35c39adf1,40
35cb5e3c3,72
35d5521e7,53
35dbda91b,13
35e005ed6,4
35e573945,98
35e87cd85,52
35eb134af,49
35f0035c1,87
35faa30eb,88
360538bb1,71
36112c4bd,67
361e308e0,76
3625c81e9,67
362fbf850,67
36444082b,52
364e07591,37
3653292ac,49
3655fe917,73
36568fe64,81
3665f35e2,65
366a3d04f,48
366fd6686,66
367f0d3ab,79
367f31c9f,67
3680129ae,101
368d86c92,18
369693f04,69
369e356df,28
36a261537,9
36a638215,40
36a930b87,80
36af4c914,4
36b0477d7,49
36be47274,64
36c06efe6,75
36c344ab5,102
36c544e98,4
36c65119a,62
36c7c4a64,71
36d0c85f4,47
36d4c70b5,29
36da5e9ca,53
36f02d6c2,93
36f394d24,63
37090107a,45
370c2501b,47
370fe09fa,32
3714d19b7,64
372ad684a,2
37377ab6b,53
374452b3b,8
3744d58d1,21
374c54182,41
37525f380,68
3756769b5,85
3758eaf1d,21
376134aea,49
377240bbd,73
3776f98a8,84
37771fa98,66
377abf496,76
377b22380,96
377c89e04,71
37822e7db,70
37885d3c0,13
378c2a70e,72
37997c432,49
37a4efb7a,53
37aab2807,4
37b17ad81,103
37b58af62,12
37bd7591f,67
37cb79b63,103
37dea321a,80
37e16acde,75
37fdec841,93
380c9c318,32
3816dac91,73
381bc1702,102
38235ae21,49
38331a6e7,61
383ce35cc,28
383e2e03e,67
38477b2a2,53
3856fdbd7,68
385906707,48
385bb724a,102
386369977,95
3863b7205,49
386e40044,14
3875d3601,40
38765c6bd,103
388606357,74
38a3caf8b,49
38b394064,60
38b48be78,50
38b929b8d,16
38bc8b746,75
38c7f43d6,100
38cf8682d,68
38d113afa,59
38ea80b60,81
38f3a40a5,103
38f6562a3,4
38faa7eb9,46
38fdf8c81,80
3901d45a9,103
39090147b,88
3912b7506,41
3919d8ac5,56
392019a2c,4
3920794fb,51
39236fa60,75
392443fe6,12
392d4f5ab,72
392d70bc1,14
39327a0dd,103
393b7dc05,48
393d8efdd,67
394eed0ec,103
3962a6493,48
396d20b5d,71
398744450,100
3987e3d8c,95
39902d722,102
39a628cff,49
39b18554c,67
39bb94d66,51
39c56af7c,62
39c5bb98a,82
39ceb1ff2,94
39dbd326c,45
39df767ca,86
39e216b40,67
39e2183ff,67
39e40cdd6,4
39e73d88c,73
39f2c9f4a,47
3a01c3e88,59
3a1396fa3,55
3a17f07b0,18
3a19e432f,53
3a1c2ac95,55
3a1d5b5db,67
3a29db605,99
3a3274d90,68
3a391563c,5
3a44b1b54,74
3a456593e,52
3a49d5a25,4
3a6847333,52
3a81df4d4,64
3a9ac1cd1,49
3a9b30bf8,56
3aa210981,25
3aa882bbe,103
3aafc89b3,71
3accec78a,102
3acfb71f1,27
3ad3208cd,103
3ad81fa96,46
3ae3126c9,67
3af4c8105,103
3af79d01e,74
3aff0dc0d,4
3b0daf5b9,103
3b197ec5c,102
3b2fe5739,25
3b3341edb,22
3b39970a2,95
3b518d13b,94
3b58e0b0b,14
3b59b7879,76
3b60b5bae,72
3b6693e00,14
3b66bda54,83
3b66e2c2a,13
3b6e2c5c2,51
3b6e604d2,67
3b71397a9,50
3b79d913d,102
3b7c11d3e,103
3b7f6b220,103
3b89f294f,54
3b8fc5371,72
3b932fbd0,95
3b9e7a8f5,63
3ba0b4f6f,82
3ba519bb8,45
3bb893d48,49
3bccc9014,30
3bd1136ef,54
3be259713,53
3be948614,7
3beb40bce,7
3bef19347,48
3bf2347ab,77
3bfb94587,50
3c1645928,13
3c22e0a0e,4
3c3316506,56
3c36c119c,48
3c401022c,10
3c425da53,14
3c4dd2705,80
3c5103dc0,103
3c525cead,72
3c5f0c3b4,13
3c87fdc0f,53
3c98993ff,102
3ca06eba6,103
3ca2ee97f,91
3cade7849,14
3cb2f9e9c,82
3cbacf373,103
3cc7863f5,51
3cd423fb6,47
3ceb3dfc0,88
3cf28a050,79
3cf6321ab,0
3cf641526,0
3d000dd19,68
3d0556ab9,8
3d087513e,0
3d17ca258,91
3d199ab7c,33
3d2ee2570,103
3d3dbb521,0
3d44a717d,57
3d4a5ad3e,79
3d5479aca,46
3d6f46c76,16
3d7e6922e,26
3d814b28f,53
3d95467fe,88
3d99a3247,102
3d9c51d3d,53
3da1159fc,43
3da7aadde,52
3da7e8585,78
3daea4675,5
3daf5597b,24
3db5a2d90,48
3db6ed179,87
3dba2c4ed,22
3dba87b2f,102
3dbd32e8f,83
3dc7bb76a,40
3dc8e9edf,47
3dd3823ba,14
3dd4e386e,28
3dd834459,67
3debf4070,14
3dee899f2,88
3df11cf29,49
3dff55658,81
3e043e76d,40
3e0dee547,48
3e1727f79,102
3e17385dc,68
3e3942656,87
3e4825fb2,102
3e629f05f,72
3e7922328,21
3e7ae2503,4
3eaf5a947,8
3eb77db12,102
3eba562ed,86
3ebeb5ac6,36
3ed70f179,71
3edd04c83,58
3ee4afec0,95
3eee745a9,48
3ef916a55,68
3f1a86245,90
3f315b0cc,103
3f3280fd7,67
3f36a62d5,98
3f36f3f32,0
3f3977d40,73
3f39dac7f,1
3f3cfc6e5,103
3f4d7610c,102
3f5c2bb22,16
3f6b5757a,48
3f7a7e0d8,96
3f7fa081c,74
3fbe83f91,53
3fd719b67,12
3fddc8eeb,37
3feba0f46,86
3ff1824db,49
3ff83ac2a,83
3ffde4543,49
400353bac,103
40073bdcc,67
400b2bbda,41
401730197,4
401b6e0c9,14
402023b27,90
40233a112,88
4028851f0,100
404661213,46
405a7d77a,53
405bb5363,103
40752b008,103
4078e0b39,67
407b393a9,53
407df102a,40
408b2d234,45
408db7399,53
408fc944b,36
4091cbb29,0
40a956d5b,67
40b3c6e51,96
40bf06f20,4
40c67cca4,47
40cec32ac,73
40d992dc1,102
40da3a46b,0
40daf3243,14
40ded13ea,4
40ebc99bd,4
40eda589a,73
40fc0d8ba,75
40fe28512,96
40ff0c11f,67
410639882,85
410641125,35
410d24f09,79
411394fae,67
41163300a,91
41230fe49,49
413305146,10
4134d5714,78
4149127b2,86
414fa5cce,102
4156a2861,76
4165e5bec,5
416b038b2,67
416e24d42,13
41716e097,49
4171d3272,91
4181451b5,40
4181595b9,57
4191c5547,49
4191e9966,75
419424bb9,67
4194b2615,16
4198fad68,55
41a1ca700,79
41a9e2617,4
41ab6b40a,49
41af5743a,64
41beb5c12,25
41c27b630,43
41cbb748c,25
41dddedd7,52
41e36fab5,73
41eb38ad4,59
41f6cf7e1,48
41f7c2604,61
41ffad9d1,76
4208f72ba,0
42090e3bb,77
420e4c39d,95
42105b5fb,53
4217c1328,89
4232febfa,102
423c62bbd,93
4244d98b7,4
4249b8e73,49
4250ed062,25
4289422a5,41
42a9682a8,24
42acf797c,42
42b0abd95,50
42b92a427,63
42cc20908,50
42ce82871,48
42d890962,35
42dc18525,83
42e378280,93
42ec55913,55
42ed99f8b,67
42f1496d8,4
42f3a0c03,13
42fbaf02d,100
431a635c0,62
431dab6d7,94
43382559c,0
433c9564f,94
434079379,14
4342207cf,67
43428f900,80
4347196c6,83
435326c89,103
435e0f59b,54
436f2b8f1,88
4374d5272,77
437e2a9cf,43
4383d6782,68
43975ba66,67
439c8664a,86
43a84d203,18
43ac410fd,75
43b2ec735,24
43c7672d1,103
43ccfd5e2,67
43df50ed0,86
43e458e40,67
43f34500d,4
43fd926f9,50
43fdb00da,47
440128919,68
440daa96f,54
441472ae6,77
4415b68f2,80
441c13b73,73
441f60624,93
4434ef42e,73
444a5e9fe,75
4479a460c,75
4479d35f0,73
44903b337,73
44a477145,53
44ad68c26,56
44af20a55,88
44c94e8b0,67
44d4d79f1,53
44d707daf,14
44e4c1b98,67
44fb03a32,98
44fc90316,14
4500b8a44,75
45093c3fd,75
450d37a38,95
450dd240e,94
45162353e,75
45271b9c5,96
452ec84b6,11
4546ad0cd,38
455c7b67d,50
455ebacb0,95
45610320d,7
45655caf4,80
4565dbe4c,57
4575d8130,103
457ef8195,67
4580f61bb,19
4591d2725,0
459adb9c4,72
459d3299b,4
459ef45ac,84
45a36938c,50
45a702ee8,62
45a842008,64
45ad763cc,1
45bd6ecd8,101
45c11697c,87
45c144250,18
45c23ce20,86
45c6bef70,73
45e6036ff,53
46002f8b4,103
46017b3ea,4
4612e397b,4
461f4f5b2,59
46241640f,67
46290bd98,13
462a4b1f1,67
462e25ba9,8
462eb88e2,4
4630fb885,103
463545278,73
4641d6c81,28
4646117ab,12
464b2b309,53
464b3976a,52
464ee7908,67
465605e5b,65
465acfa7f,103
465f2ddcf,103
465fca558,87
46656822b,73
466f28358,103
467025843,53
467a87b6e,67
467d1a4a4,81
469301bcc,1
4698789b6,49
46ccb6bd3,67
46d056d14,24
46d095eda,47
46d8e8e19,77
46ef787fb,72
46f84af18,98
46f943627,103
470697d01,49
470847079,76
47134493d,73
471609fe8,102
4719dfcaa,75
472c84cce,13
473c84ae9,13
473db5fc1,102
474219bf8,103
4746340a1,75
47499b166,52
4751e93ad,4
47611c7b0,14
476283f9c,48
47664da16,73
4779122c2,48
477aa8655,68
47830a2a1,67
4787424e6,5
478e21c30,14
478fd662e,13
47aa985a8,70
47ac366b7,39
47c4e4fce,49
47e7d602c,68
47f47a868,80
47f7f9a06,87
47f7fcd87,50
47f8f7372,9
480dbd0cb,28
481c58d57,68
4831ae48a,58
483a8e2d8,29
48490759b,75
48526fccb,62
485a5ca01,21
485e088fd,49
486248544,4
4863d1e67,85
486715238,7
48689d750,58
486d538e1,68
486ddc6d6,75
487a6f05e,9
487fc089f,87
4884ed7c2,52
488cd2512,73
48b37a43a,4
48b580700,67
48b84677d,32
48bf5c6c5,67
48c00c048,102
48c96bd6b,73
48d8779bd,94
48e65f113,53
48f82311a,9
48faecd45,77
48fb56f39,49
490efc553,77
491331146,48
491a37339,16
492569251,88
4925bf95f,70
49292d94c,49
492cb82ee,91
4948e3ecd,83
494e86d83,67
495523f05,28
4955fcb53,73
495e8216f,29
49601a7ba,87
496bb2adb,49
496eaacf5,59
497a53f79,68
498c0b419,73
498d46ee2,86
498de5a90,47
4994522d9,53
49add67af,80
49b260995,57
49b354ce4,13
49c1a8313,73
49e871eee,0
49ebce8a6,71
49f22c2e5,53
49f2b41a5,56
49f2ca2d6,13
49f7cdb45,53
49f864fe9,79
49f972c08,0
49f98b25a,79
49fc70cb5,74
4a03138df,49
4a122e0ad,68
4a14dd513,67
4a1d07383,49
4a2dd1c8f,93
4a30cdae9,0
4a349dc90,103
4a3bed1ab,67
4a41ae5e8,83
4a42f34cc,79
4a506053f,75
4a5172bd5,26
4a530e1c1,80
4a5d43a96,9
4a608f8ad,49
4a6513e63,49
4a98c96c1,54
4a99afdbb,16
4a9a2ca92,103
4a9e8f7f7,68
4a9f824f6,67
4abbf6ecd,67
4abe117e7,73
4abefc989,9
4ac812558,49
4acd9d511,53
4adcfb275,53
4ae7d6827,101
4aea86d3c,27
4af75b596,67
4afa6c98e,45
4afd54574,43
4afd6043f,68
4b0320af7,74
4b2c0659e,0
4b4223c92,14
4b4291637,52
4b49bfc87,82
4b4d2a0b9,72
4b57c7aaa,73
4b648670f,103
4b69e4daa,49
4b6dff5e4,91
4b781211f,70
4b7b43b7a,80
4b86a4171,67
4b8a4a3da,14
4b8fe9f3f,72
4b9e61e38,28
4ba2dc197,29
4ba73aa49,4
4bb5a49ca,36
4bb5dba59,0
4bbb6638f,29
4bc167a81,4
4bc218fab,6
4bd5d4982,52
4bd6a1f9a,103
4bef06f11,53
4bf1812c6,67
4bf799dba,74
4bf7df629,14
4bfdc5664,103
4bfdec3b4,67
4bfdf517d,80
4c039d563,103
4c0a72203,24
4c0f2c1ad,45
4c184156f,86
4c1941cfc,53
4c1b8a5c3,4
4c25aa614,21
4c4a8848a,8
4c4c216fb,73
4c4caa583,103
4c4fda276,103
4c5a20840,4
4c613566a,93
4c6264df6,73
4c742de40,67
4c79f68f0,93
4c8e7b1f5,14
4c91c2a8a,49
4c9f8b6cb,95
4ca32d7d8,66
4cacbf1fc,3
4cb8ab033,60
4cbdaf60c,96
4cc12b820,9
4cc87897b,95
4cd75e21f,45
4ce386ab0,14
4ce9bc001,46
4cf1de29a,74
4cf202ebb,53
4cf4ac658,82
4cf56a9f2,68
4d0229802,4
4d05e9395,83
4d0d04ec2,4
4d0ffe92c,67
4d14ae692,48
4d178a6b4,73
4d1ef02af,57
4d20e5f0e,29
4d41db87f,67
4d42fbb18,4
4d4c87a41,79
4d5836f7d,0
4d761f97e,29
4d7e7b6cd,76
4d8257f18,91
4d8731d6a,103
4d88ed603,13
4d9a5c0d6,97
4daec49fc,4
4dbc5fc3c,103
4dc902039,103
4dccae9a1,53
4dde25dfa,7
4ddf168de,73
4de97f685,59
4de9ab35b,53
4df5a7b4a,87
4df899e46,70
4dfa64964,70
4dfdf7a8c,98
4dfea8574,0
4e19a3a2f,65
4e1eb807f,36
4e3b3b3cd,75
4e3f96c83,68
4e43a75b1,0
4e4504ced,94
4e4c57892,21
4e5e899bd,53
4e65f53bb,13
4e686a694,90
4e6d9fad8,43
4e792387e,27
4e7bdb1cb,95
4e8b618c7,48
4e933f65c,38
4e99c537e,4
4e9ed92fe,48
4ea0a3352,4
4ea1d0d52,53
4ea7f54f5,91
4eac8e323,72
4ec8b55c7,64
4ed9720ea,53
4efdca978,75
4f02105f5,103
4f037af7f,49
4f06ca2cd,67
4f14ea184,73
4f1f1670a,53
4f2196c72,86
4f21ae7b6,49
4f363e9db,103
4f4574478,0
4f49753d3,73
4f4f5f14e,67
4f5a0a2a6,67
4f5abe367,73
4f6762363,0
4f756f230,51
4f7f265b5,95
4f855f8ce,90
4f87dd5ae,83
4f8a37fb9,61
4fa22a6e4,64
4fa678f28,51
4fb19aefd,82
4fb5992b3,39
4fc55f7bb,5
4fc561f03,62
4fd1724de,73
4fd5cd91f,22
4fd8099de,45
4fdd76274,4
4fde9d58f,48
4fe029378,5
4fe65e8ba,49
4fe780b27,50
4fe7886e1,50
4ff518045,67
4ff54212e,10
4ffc57a98,71
5002bff77,103
500ac8bc6,28
500c28291,62
500c6294c,67
500cf0ed3,91
501117624,48
501229169,50
501396f2e,62
501e378f3,79
502aa0fed,14
503c5b1ab,75
504495975,49
504ce2b94,4
504e1695d,47
505472dd2,48
505515f6b,102
50749d154,9
5078ff4b8,102
5083ce580,37
508c39bfa,49
509570780,4
509741eb1,67
509965df0,48
50a1849f4,95
50a645c94,37
50a98363f,75
50a98f706,103
50ae0bab4,42
50b7b51b8,82
50bb7de2d,4
50c36b121,50
50c9fd635,49
50de80a98,67
50df03fb2,103
50ee680eb,51
50f33fc4a,89
50f72bf43,103
50f97c747,48
50fcaf0ed,103
50fe6ebcd,67
50ff8f2d0,21
510743b2b,39
5112d23be,53
512aaea7c,25
5134a2245,103
51493dac7,13
514b8d03b,80
51507f7ff,42
5153e1522,13
5155022aa,73
515ccfe7d,13
516a450b7,56
516ef6822,75
5172a3da6,96
517ed388b,67
5184d47b8,41
5193214a6,35
519f5b078,75
51b1f6a59,95
51c386b65,10
51ccfb7c4,82
51d113f3a,69
51d6b9846,102
51e3f656c,40
51eb14267,103
51f607616,14
51f6d891d,0
52171b028,73
52178db26,71
52189b48a,49
52232fe3f,49
5227d80bf,0
5228fb3fa,89
522ea009b,103
5233ee8fe,45
5235c6c53,54
52378ff5a,68
523df966b,102
523dfab06,103
523ec62fa,13
5245d1288,70
52491f753,103
524961d31,68
5252bf766,90
5255b9b6c,26
52592a2ab,14
526449d16,91
527da06dd,53
527fe834f,92
5285b9c84,0
5287898d3,25
528c13be5,75
529e8c1cc,82
529f2ee42,77
52a88af32,28
52c27c7e0,96
52dc12639,17
52dd86f38,64
52e436680,90
52eae9528,95
53033eeff,53
530bde853,52
531165006,103
532160a43,60
532c117fc,87
532e6c637,53
532eacbec,95
533d4492a,56
5345fc847,103
534764190,103
534b7cc36,50
535695fe2,62
5359b52dc,14
53622739f,72
536842c4b,92
536be8fe7,88
536c83e57,4
5376bd006,10
537f040bd,4
537f3aa34,86
5382ac6d9,47
5398f55f4,73
539a14033,13
539e41e9d,67
53a05f5ad,91
53a6ecdc4,56
53b2da1bf,103
53be7448d,67
53c6c23b1,67
53cc94634,42
53cd52d9a,51
53cf1033d,102
53cfc6586,29
53d1111f9,103
53d90c2cf,72
53d9b87f7,46
53ef32294,80
53f2f97d2,51
53f3609ad,4
53fb48abe,93
5413350ec,91
541c4d41e,73
54281d31a,8
54296cd42,88
543a799bf,59
54419838d,53
54454ed83,43
54493a1bd,49
544ba8771,4
5453d7402,4
54620ca30,53
5464a7e4b,95
546744090,49
546ea2a87,67
547815be0,45
547e41140,67
548a35991,53
548fe4d32,80
54a1667e9,21
54a9c9512,14
54b444711,21
54b876ff5,83
54c0482ce,89
54cd18535,53
54cebd37f,68
54d263a8d,0
54dc06c7d,46
54eb01070,92
54f09b0b4,13
54f73d67c,14
550290aaa,13
551f3af3f,48
5528db727,47
5536e05ee,73
5554ae705,49
55603d86c,43
5567bcd26,49
55683854c,57
556f2c5c6,102
557117401,73
5574a3c79,71
557900fde,103
558548e53,67
5586807d4,73
559dc9594,22
55a2149cb,47
55a7e02a2,67
55b323b0c,37
55c59324a,4
55da8e5b5,6
55dff9997,79
55e0035e3,50
55f00c851,90
5607b2020,39
5608c05be,67
5622bbc0c,68
5628f5deb,96
5629fc992,73
562b2d688,59
56317c242,35
5633f1101,4
563a8d7df,69
563c9008d,50
563ee45dc,83
563f7b16f,0
564305f6f,56
564564fa1,71
564a0856d,5
565242c3b,58
56697962e,47
56737d31f,67
5675c2ee7,50
567e64f51,16
5681077fa,49
5689bcc21,67
5699993e6,14
56a02070d,50
56a33cbaa,53
56a71117b,78
56bb538b2,1
56c86b9c0,4
56cafc1c8,14
56cfcf9da,82
56e37b524,92
56e5b72fb,78
56f31776d,67
56f6e9dca,67
570029ba3,74
5745b1abc,72
5752ad3e2,40
5762da038,20
576f07382,86
577136af2,46
5771f876a,49
577793268,88
57787a61a,93
577a972a4,24
57a04f0ef,49
57a2e8995,73
57a59f1ae,4
57abd6d16,56
57af706df,45
57b0ac4e3,41
57b85fec4,22
57b90f0d7,76
57bbb106e,49
57c0bd843,102
57c274565,67
57c754d1c,102
57ca642dd,102
57cd097ae,73
57cdc3f59,90
57d3813ab,103
57d893ed7,55
57d9b8302,4
57f357144,93
57f44a56f,16
57f693d04,48
57f7948f4,63
57fb229ad,75
57ff5b255,68
5817b58d8,62
581ead9fe,72
5826bc1ee,95
582a4afd0,77
582dd5eb1,73
58379dae0,27
584b3a955,67
5857637b3,103
58605ff84,73
586868059,78
587e44cea,95
587e9b784,73
5885a2c34,74
58879de83,69
5892ebde8,4
589fe7959,102
58a01b39d,7
58a2ab14d,43
58bb4ddb2,67
58c271df1,68
58c90fc33,53
58dbde095,24
58dc520a5,34
58df72bc0,8
58e9042e0,29
58ede4d43,52
58f68539c,54
58ff8f465,49
58ff9dbee,67
58ffca855,73
5906e9893,49
5924c5e47,33
59265d2fa,4
5934fec49,13
59372c831,103
5940f63c4,13
5954098e3,81
5954973f3,67
597bcc032,37
597beba89,10
597ea383e,68
598a1c3d9,68
599713c6f,91
5998b063c,68
599d64d01,102
59b2a320d,93
59c2eeeb0,53
59d1b6146,46
59d5309a8,80
59f5594d7,13
5a00bf031,29
5a078c961,94
5a0aa798c,70
5a11b89db,68
5a2911399,0
5a2c8645d,93
5a2fb5300,103
5a330e7b3,86
5a33a8adb,0
5a33b53eb,49
5a3dafc67,25
5a4014213,45
5a543e058,49
5a5cc97ec,19
5a5e8deec,77
5a5fbb94d,48
5a68d7893,8
5a74ce4ab,10
5a7f69e51,90
5a80d4beb,7
5a83e84af,76
5a86ac765,13
5aab08428,67
5aafe07bf,4
5ab25460a,14
5ac5273a9,93
5ac870ba2,8
5acae87e6,0
5aeca7ba2,72
5b0a35493,10
5b1353d71,68
5b15fd082,100
5b1892dfb,74
5b1f12738,10
5b229190a,51
5b313549c,88
5b3739564,76
5b3c21bc7,53
5b3de280c,81
5b45e7a4c,67
5b646246a,43
5b69d3121,95
5b8579555,63
5b87d8d4b,43
5b89103cf,73
5b8f09d2d,14
5b9059868,59
5b9abdbc8,86
5b9de4b19,83
5ba637a6f,73
5bae6010f,56
5bb0fd4f7,67
5bc0988c2,9
5bc1503a0,71
5bc1ab931,63
5bcf739c3,5
5bd9a3483,60
5bdd76ad6,93
5bddd9a50,67
5beab41c5,103
5bf457360,103
5c1b0f7ce,4
5c2b3adde,71
5c38776b4,103
5c54f01e3,80
5c597c7e1,79
5c5a534e3,81
5c66ca3ec,80
5c6e09f5b,13
5c71c2638,48
5c76c7057,68
5c88d781e,68
5c8d0266e,90
5c9aadf3b,73
5ca912390,102
5cc2f95e9,90
5cc548c43,67
5cc793cd8,71
5ccc5c940,103
5ccfc8dea,4
5cd55d54a,0
5cdbf8228,88
5ce48d24d,76
5ced5d4a8,13
5cf823995,87
5d0017929,91
5d06b5c76,41
5d0b6dc90,49
5d1259367,42
5d171dcf7,102
5d17abe47,41
5d238f402,103
5d23a793d,74
5d35e5409,82
5d375ac61,4
5d3cac88b,75
5d3d71c05,14
5d3f635c6,73
5d426c1bf,48
5d4811c9b,67
5d4d774bb,49
5d56a12d9,21
5d58d5dfe,68
5d59f9a69,45
5d796ff7a,48
5da2bfc47,39
5da84086e,58
5dac2f949,45
5db83d658,103
5dcad39ff,102
5dd6b63d9,47
5de25f69a,67
5de6bcf29,50
5df38050a,75
5e003d916,87
5e01e9489,68
5e0cdf39d,93
5e0da2b1f,67
5e0e038e0,48
5e166be69,82
5e2125e43,74
5e216ec7c,69
5e2692d15,6
5e287a0e3,103
5e2f03974,85
5e35708ec,73
5e45c97c9,43
5e4a5b406,28
5e5672257,29
5e56f69f6,72
5e5acfa07,80
5e69e6a8e,93
5e6e5030a,56
5e7372874,97
5e76ba18f,69
5e802f360,83
5e84a449b,4
5ea36cf54,36
5ea428031,96
5eab13f01,40
5eabca233,23
5eb03fbd3,67
5eb156e33,103
5eb9825ce,93
5ec08d254,72
5ec4acbb4,75
5ec9553ea,79
5ecc1c8bc,67
5ed06cc85,47
5ed174c75,96
5ed355568,82
5edeca301,74
5ee6cb24d,30
5f024c911,21
5f0542bfc,13
5f15c8bd6,4
5f1a08959,21
5f22d82a2,58
5f274a6ad,103
5f2c16024,12
5f3773437,71
5f4162c42,56
5f66aedb4,5
5f729cf60,53
5f813832d,4
5f84c75f9,7
5f8f53f23,102
5f91412c9,1
5fa624040,67
5fab0c048,40
5fbdf775d,49
5fc2cecce,86
5fccfc9b5,77
5fdf59f6f,29
5febcda99,70
5fed86a73,49
5fedd16b9,4
5ff30ec8b,71
5ff57970a,13
5ff5a39ea,73
5ff71b40e,13
5fff5ccb0,41
600693e8f,71
6009ca42c,87
600bcfc2b,28
600da56b9,12
600f01e91,81
6016dd857,67
6021f47e4,102
6022f99db,21
6025abd59,95
603490d95,66
6034d93d9,16
6036f3641,95
60372c4bb,4
605131c3a,45
6066bf3b3,103
60711fbc1,55
6074e6638,43
609230590,0
6094552e3,14
60a40c037,49
60a51b6b7,11
60b3c1ec6,96
60ba7e522,102
60c0ff1b2,22
60c188245,67
60c40b083,49
60d83cd0c,29
60e283191,4
60e8a1d83,63
610314687,73
6115fb1ac,88
611876e26,30
61290cc43,0
6129c13a7,53
613831ee6,4
6143c21f2,73
6144fcc9c,96
61486eb05,60
61547bf69,103
6162cab31,20
616bbeb90,14
6180782c6,53
6182a0538,67
618ad631e,38
618ded9bc,99
61b1040d7,47
61b28f8bc,64
61ceb0f5b,94
61d0998a4,48
61d566521,14
61da47774,73
61e0f377c,67
61e87e199,30
61ef56738,71
61f07f2d3,48
61f237fa5,50
61f3da6ae,55
61f976a63,77
61fab76c9,75
61ff4902a,4
6201345ad,49
622301a2e,103
6229791d1,103
623270c63,70
6233d3e01,76
623b64d19,11
624196c26,67
624d13949,69
624d36ae0,52
6251c33ea,79
625a9dbf0,102
625ea352f,19
62728ae3b,73
6273f48ef,14
627e5cd5a,19
627f0996d,49
62822763a,8
6285f24d7,75
6291210cd,103
629160ccc,67
629436111,76
62a410cbb,67
62a682a26,17
62a7c181d,73
62b5e80ae,67
62c459f66,93
62d2aaf89,72
62e32ec91,0
62e5874bf,14
62ea468a3,3
62eba5d4f,102
630773b7f,69
6308fe124,68
6309c0fee,53
630ba700c,73
630d3e7b9,4
630ddb37f,75
6318d6cfc,103
631f04e66,48
6326ba8d9,72
632b5d37e,67
63348128c,103
6348a7b61,18
63655033a,62
6366d7061,90
6386c2d78,0
6387659fd,45
638d987cd,16
6395b130e,13
63a4aed70,50
63ac3780f,49
63bcdd5bd,21
63bec561a,77
63c3945db,73
63d16d8d7,73
63d72a8b5,74
63de51e03,70
63e2e3e4f,103
63eb884ce,54
63ed2755f,49
64027156d,67
64088707b,30
640bd467f,103
64144b5a7,80
641ae8aa0,68
64213e873,0
6429d59a3,16
64327e651,46
6433f1917,67
6449727d1,61
64581ef78,102
645e0448d,68
645e6c963,64
6461cf7f3,28
6463c47d1,53
646e258ec,70
6473786a6,103
64803f8fa,67
648319d0a,10
6485978a5,53
6485b01ac,4
648d6e1c9,49
64923375e,87
649dd8ff0,47
64a00a8a1,67
64a087667,80
64a1bdd75,49
64a27fd4c,72
64a8fad00,75
64c056f47,53
64dba18d7,0
64dfb8137,74
64e5e148e,67
64f0cfc26,64
64f9d993b,58
6504eee67,4
650d157b1,94
651a0b6cf,52
651d0b2f9,7
6521bc49e,67
653443f38,38
653dc3b58,67
653ee9b0b,4
654504abb,67
654ee7e46,46
6550b53ba,43
6557acff6,94
656851f72,103
6569b16eb,76
656a556b0,80
656c8e1a0,78
656cc827c,52
656ea8ca7,53
656f4c5dd,77
657464c72,71
6575f6563,74
657a2302f,96
657a4ea19,46
657d7b6d3,82
6581fb5fb,51
658b73453,49
65a3a7b6d,30
65ad21fda,4
65ad58f26,21
65b44f1fd,25
65bc00f77,47
65bd3368a,38
65c796a0b,48
65ce506a1,71
65d14bd99,103
65d1f9b28,69
65d4e9994,39
65f299d4d,103
6601f2903,68
661307d74,102
661e5ee1c,103
662f45b2d,4
662f8bc0f,68
664ab3455,21
664bad216,4
664e5c977,17
66574442d,18
665bfe8f5,102
666d25d39,103
666f4d363,48
667c3c161,99
669487461,25
66cf381b9,77
66cfc023a,18
66d3a82e2,103
66df2d548,67
66e6f6938,83
66f455e67,53
67056dfa6,75
671ad3443,67
671c7b595,10
674e50421,50
67556ec2a,49
6759ac31a,0
675aad8ff,13
675e1db7e,48
6760a8b60,59
676bac625,69
67714a8d8,67
677dcf9b6,67
67810173a,3
67873d67d,74
679f0dac7,47
679f13cfe,53
67a25ece3,93
67a3ff9db,90
67a4a4d91,23
67b0d01ea,49
67b85d53e,45
67cb3cf97,100
67cc6b5ab,4
67d5e3bf5,17
67dbffd24,45
67e65b379,72
67eb6bb6d,67
67ec88f39,76
67ecf7563,73
67fa9ad3f,32
6802325de,17
68039396c,75
681e2b154,93
6820bdfb3,67
6821046ee,103
6823dfca4,103
683ad13b4,68
683e58330,49
6841f21d2,75
684a48f58,68
68510e311,102
68596af51,47
687997bb5,91
688223573,57
688759258,67
6896b5c5a,73
6896dbe36,100
6899ceaca,35
689a0fbd7,73
689eb9f68,68
68a81ce4f,18
68b3481c2,80
68b41d014,76
68b83ad56,56
68c50e34a,4
68caf79b9,75
68cd38577,74
68d5dc3c5,99
68e87d794,77
68e8b6b9a,102
68f48e5f5,69
69040ec2c,48
690f1dea5,49
690f47487,103
691acc46f,53
691ff0015,87
69239f8e7,13
692cfa850,50
6939eb499,14
693fd2ef4,47
694b396d4,0
6953f8992,43
6959092b7,53
696a13525,53
698676b2c,94
698eea745,48
69930f05d,53
69a2f544d,88
69a3de639,76
69a8e84ba,86
69af53dca,46
69bdf9905,24
69c31f86a,42
69c63b4fd,18
69ca9a78b,13
69d14fa3b,13
69dcb9a3b,14
69dd8b98f,74
69e41bdea,49
69e5888fb,73
69e822cce,53
69ed9d7a3,68
69f5b082c,87
6a099e4a7,45
6a0b33f79,73
6a1072588,51
6a1a8e17d,52
6a1f788d6,10
6a22f0ccf,76
6a2552916,14
6a273ddf9,68
6a29fea52,41
6a3ce1e4f,50
6a3e093a7,67
6a414839c,28
6a414bfdc,65
6a63a8764,73
6a664ced1,102
6a6689958,15
6a69a6ae1,73
6a69d191c,86
6a6ad6ad3,79
6a8422b82,61
6a881ec8b,17
6a8de3c09,90
6a9dcc24b,75
6a9f813a1,47
6aa4095a3,59
6aa485643,103
6aaaa29e5,53
6aae558ae,80
6ab138316,21
6ab2a7198,80
6abab3d7d,45
6abbdbbe4,76
6abdbbd7d,68
6abf7f144,67
6ad636b14,7
6adc43d81,19
6aefb94a6,18
6af290ef5,79
6afc9ee54,16
6b132a6ca,48
6b1551121,101
6b227f122,30
6b3b8d49b,57
6b3c00c84,29
6b47e8357,42
6b4fd7e01,102
6b57e5a58,103
6b5cf2a71,53
6b7f80246,36
6b82e86e7,68
6b8989275,103
6b8d9d74d,49
6b8f11ae1,87
6b9570949,82
6ba2f9b54,13
6baede1f3,83
6bb4e9d41,48
6bc102ec4,74
6bc2469f2,73
6bcb5a502,20
6bcdb2495,81
6bced57ba,4
6bd4a7ab4,75
6be539abf,71
6be94f8cf,72
6bf3d86a6,19
6bf4a58b1,67
6bfc6b8f6,71
6bff70a64,73
6c0edcf33,76
6c123c407,85
6c14532cd,48
6c1a05ed1,93
6c1e0dfda,13
6c269a2b9,67
6c2ce6d90,48
6c360b751,69
6c3ecb861,14
6c4b066af,4
6c51e020f,47
6c52831b1,97
6c5cbbdf4,73
6c6ba5d80,75
6c77db7f1,103
6c7e15c23,47
6c80cfb8c,67
6c8eb5daa,49
6c925a18a,89
6c95b6248,78
6c9aa2460,71
6ca8991a6,49
6cadad337,14
6cbca5559,42
6cc34f6c3,46
6cc8bfcf1,8
6cd161345,4
6cd33c3ac,4
6cf44ae8e,88
6cf4b47c1,76
6cf753c72,9
6d00d0707,76
6d0419afe,26
6d16c986c,67
6d233727e,11
6d260c2c4,70
6d2e2b6a2,78
6d34e11fc,103
6d48de3df,49
6d61341a8,75
6d711f23b,68
6d7138997,0
6d75535dd,11
6d789c449,45
6d7b4a632,48
6d7ff30b8,52
6d822303c,14
6d8432929,49
6d8ba2cf9,55
6d984df89,49
6da191d02,53
6daf9a7d6,73
6db4781a7,10
6db87048e,25
6db9ae896,67
6dbeff852,30
6dbf25622,52
6dc1a03ed,73
6dc57d8b3,90
6de9b2572,45
6df282095,0
6dfa10ee9,36
6e045ef23,75
6e0843d38,13
6e08cae12,67
6e16e769d,68
6e1842cc3,75
6e3303932,55
6e3716497,30
6e3ac91be,49
6e3c0fddd,49
6e4cea791,4
6e4e60f69,83
6e60eef45,67
6e644aad3,49
6e74639ff,4
6e7629a9b,81
6e7b662f3,102
6e7b8fa3b,81
6e93d8d18,49
6e979324c,93
6ea1e9ac0,29
6ea2b0e7d,67
6eb8b8e84,13
6ebd051c0,5
6ebdc31d7,70
6ec67346d,5
6ecd0b17f,47
6ed6b136a,75
6ee6d6c48,53
6eeec13c3,96
6eefb96f0,40
6ef0b83d0,61
6ef2473d3,13
6ef97d18a,76
6f03f9497,103
6f09acc36,27
6f0d8372e,82
6f12632ac,9
6f229cb58,4
6f238770e,62
6f25bec48,43
6f2bccdac,77
6f3f4d188,67
6f40daa0e,48
6f4179bbe,102
6f509e3dd,50
6f50f7647,73
6f6009530,28
6f725ddd0,21
6f81b250e,29
6f845c04e,68
6f84aa228,61
6f88cabe1,80
6f9686457,53
6fa36a899,94
6fb943b8a,103
6fbdee8bb,51
6fbef3988,97
6fc119103,103
6fcd677ac,13
6fcfa47b3,4
6fd250f15,103
6fd484575,54
6fe85feee,53
6fed43511,67
6ff58f465,5
70077ecb9,56
700cfcbd2,69
700fe6ff1,103
7012b4533,91
701d4ac2f,24
702b7fc70,94
702cf1671,80
7046567c4,77
70498b302,8
704dfd7e8,86
70501f63a,49
705344bd8,13
7059b2c59,89
706729fd6,82
706aa9df2,102
706bd2088,51
707178bf0,86
707760045,37
7077a94ce,60
707ccc2fb,50
7089f8683,4
708c1099c,51
709d4aaac,89
70be85fb4,50
70c95a76c,67
70cbc35a5,86
70d37d23f,80
70d635915,82
70e6b4f07,46
70e87c482,91
70ef6d8bc,57
70f9d13b9,103
710a380e2,72
710ee21be,72
711216a77,94
71149a63d,67
71273ba15,75
71525c500,103
7153f9700,96
715656abf,75
715ed2e29,69
7163520df,83
7165bc7ad,19
7182235fe,67
718f47a1b,75
719a12da9,49
719aed16d,103
719e9e88d,75
71a787fb9,12
71aafc964,53
71c1f0507,4
71c31d4be,4
71c381469,47
71c57f5bf,70
71cc05cc3,39
71d39517b,59
71d454f1c,103
71ee25b79,48
72033968b,50
720920606,77
721301e6b,8
721e72651,50
7223d356c,73
72337a91e,50
723403f38,35
7244c8b3b,43
724560f8b,48
7247cc6b3,68
725611911,40
7257ec39b,75
72589c9b2,14
725cc0c4a,73
72606e8f3,87
7263dccaf,13
7271d34ab,1
7273b1c6e,67
727d99d68,47
72848173f,53
728a12444,6
729ac5e06,68
72b388c16,48
72b3fdfe8,67
72b64a25f,87
72c2a5cb0,26
72d1bf434,34
72d528c13,39
72e6235c1,91
72e6df7f4,49
72f51631f,73
7300f20e6,48
7302be7da,47
73092f468,67
730cbd08f,73
730d2b0f4,67
7315d2e99,82
7327abf40,93
73356bf2d,29
733de405f,4
734fc53fb,53
735783bb8,82
735b3631b,95
73633e6bf,69
73654808f,43
736b7b278,14
7371defc6,43
73749e7e2,53
738116e15,41
738989c7d,14
738af3f29,67
73a3ae7ee,15
73acd2065,18
73b47d713,103
73d04b4a0,67
73d138dbe,28
73f18defc,93
73ff3946d,73
7405dd1d5,28
7409a08d2,102
742ca771a,73
743a39958,49
743c74763,90
744730d4a,47
7457a241f,53
745cf5ce0,102
746f3dd2b,45
7472f2db4,87
74837e719,90
7484473e0,87
74973ce69,7
749b744a4,47
74a2503cd,67
74aaa5e78,5
74b98cfd0,68
74bb3e711,14
74bcea93f,67
74bec8798,103
74c86dc94,88
74c97189e,73
74cb419cb,41
74d672d39,43
74eb03c19,43
74ecc535b,102
74ee51f2f,67
74f0d70ef,51
74f1c073c,50
74f238044,4
74fdf6cc8,12
75001ddea,54
7504b36cf,86
750bae291,87
7514c8182,49
7530384bf,4
754250691,72
7547be627,49
754cd2605,49
754eab3b5,73
75540546f,41
755794886,47
75607a399,103
7560dda12,49
756c7c9c6,49
75753e7b1,47
757541c30,22
757866231,53
757e27b6b,47
75906e681,73
7593bf7d9,103
75a50917b,48
75b41a741,4
75bb87271,95
75bbc4353,4
75c1b1a9f,68
75d255458,95
75d3452c1,98
75dbc2c81,69
75e6b445c,24
75e80fdfe,67
75eca83b3,103
75ef86e19,10
760068096,4
7600dbd87,2
7605a3733,103
760a844a4,75
760ce7b43,95
760d22629,79
761340c6d,73
762c5e25b,97
76311e00b,25
763b49b1c,71
764a3885f,74
764a98598,53
7668e5204,103
7677ecd51,4
767a87c4e,52
76809aa23,11
7683668d8,33
768bf1fe7,39
7698bb454,17
769f6fb8d,48
76ad6cdd7,5
76b0d0576,72
76bb433ee,88
76c56dda7,51
76dd2577e,93
76e3166a8,102
76f661311,53
771b14071,4
7723a9059,73
7725cb554,23
773cb6978,10
7748f8039,73
774e6e2a9,48
776074cae,52
77628c813,67
776fe6e63,80
77759374e,82
7775f87f5,72
77767dd21,103
7777e7e44,52
777ef8066,90
778808485,33
778c53136,30
7790e656a,94
7796dda43,55
7799eb3ef,48
77a43b493,14
77a6613b2,77
77a987385,80
77aa8505f,50
77ad23821,102
77b8cd935,70
77d850f7e,27
77e34e261,4
77f19a3b9,19
77f6880d2,22
77fbaf59a,64
780f371fd,50
78235a81d,43
7827a1d5b,45
7859791b2,88
785e7d196,49
785f14a23,4
786172ac6,48
7864cabe3,4
786ac2686,98
787578be9,82
787c185b9,3
7894b3f5a,15
789e0279f,24
789e8506b,76
789f0394a,61
78a777eeb,35
78a91fc04,93
78b988645,43
78bd1cad3,0
78be4d100,14
78c02c2f5,49
78c19e86d,49
78c58095d,4
78ccf47e4,49
78ceb6218,53
78d30851d,72
78d30a479,78
78dbf0e31,4
78f5768d9,49
78f6357bc,50
790eb61fb,67
791899b46,68
79245d0e9,3
79272fffe,74
7927ce9c6,73
792982c6c,45
792e61b1e,49
79335a465,103
793a50bcd,103
79423d8e8,88
7949b71c3,67
794b67c42,93
795083f79,4
79522023e,40
7965e86c9,102
79686d60a,47
797ae6066,50
797d44519,14
797da59fa,75
79901d55e,59
79a025018,50
79bf0f076,6
79c1a3d97,73
79c33f52d,39
79c44e828,103
79c5126ce,4
79cb3514c,29
79cde037e,103
79e573478,88
79ec6e32a,37
79f507d4d,13
79f689862,75
79f93fc6d,67
7a011cb30,75
7a0cfe114,49
7a26fec2c,18
7a2a38d8f,28
7a512bfa0,67
7a538b99e,24
7a552ca1c,62
7a5dfb158,98
7a660b9f6,53
7a6ba7fc8,68
7a7c505a8,18
7a7fefad9,86
7a8a88b42,4
7a8d95cdd,4
7a90903de,73
7a9de4b35,67
7aa990232,24
7abf68943,67
7ac6f5ed5,4
7acc72b45,67
7ad932a97,91
7adb142c5,49
7ae791f04,88
7ae85e90f,88
7af25ae57,102
7af3ecde3,64
7afc693b8,98
7afcf9660,103
7b1177392,77
7b1267e49,25
7b151e3d1,73
7b1773554,59
7b1e459ef,76
7b3780a82,10
7b38952f6,86
7b38f9919,49
7b437ba4e,9
7b46c52c3,73
7b506b5bd,31
7b53e5791,67
7b566ed00,69
7b6338bee,4
7b63ffb33,49
7b6429c7f,59
7b6d30721,22
7b7cce651,21
7b825842e,53
7b89cf590,4
7b9220d4c,39
7ba1904a2,75
7bae0ab5e,76
7bba13923,75
7bc968caf,12
7be2867e1,4
7be31a9a0,0
7bed881d2,94
7beeb67c3,47
7bfaa6c93,83
7c10f4b8b,76
7c1a6e1f0,72
7c23c9246,70
7c2d22784,43
7c2f23622,7
7c3055bc8,80
7c30e1a81,48
7c3e5c00d,75
7c734cbb4,68
7c8007f01,40
7c856ad41,90
7c8c55147,102
7c9adc043,56
7c9f01509,4
7ca677dde,67
7cac453ad,71
7cae1c547,55
7cb07f8df,79
7cb1fb42c,18
7cb5e6b99,50
7cb805a4b,49
7cc00d3bf,67
7cc60fb22,13
7cca3e7ec,4
7cd4cc27f,8
7cdae8d89,4
7ce82e1a4,73
7cff9aa7b,53
7d04df1ca,94
7d0e16879,4
7d0e7bbd2,3
7d1005a2c,26
7d107974a,50
7d1794961,47
7d2140905,47
7d2cabb96,0
7d2f35248,103
7d32579d5,103
7d33fa1f7,67
7d3786848,67
7d47fa7ba,67
7d5126c94,75
7d540187a,103
7d58bbc35,73
7d5a95675,73
7d5d89bf4,91
7d6a2ef07,10
7d6edd6f1,91
7d759eb81,70
7d7a8baeb,25
7d7b3950b,25
7d825a631,87
7d9caf815,96
7da20ceb0,62
7dab12862,25
7db44032e,71
7db72601e,67
7db7456c8,8
7db868b36,82
7db900a9f,90
7dbc5a9f3,103
7dc21298b,103
7dc69b4eb,30
7dcc4ff7e,4
7dce481dd,103
7dcf1e590,56
7dd20f99e,85
7dd683db0,30
7de565519,79
7de7343c3,93
7dea65fa8,50
7e1f50feb,39
7e23f7ad1,37
7e25fdd6e,96
7e2ed4d52,30
7e3369c19,48
7e3809573,49
7e4a5d836,82
7e512d140,5
7e517b238,22
7e53bd3db,45
7e58b251b,8
7e5967223,4
7e61b7ed2,38
7e6854001,49
7e85cac95,5
7e8b191e8,68
7e8d0ab34,48
7ea4fd1e7,44
7eaa17466,51
7eaff7aff,102
7eb08a18d,95
7eb7812ba,4
7eb988267,73
7eba030d5,74
7ebeaec30,87
7edbf1ca8,71
7eed3c569,9
7efb877f1,103
7f01686f7,73
7f0c3fad6,4
7f19952d4,64
7f3e45975,36
7f4520e95,80
7f4a2f594,13
7f5479556,51
7f5d5cb8f,13
7f5e3f4d8,74
7f6076e29,2
7f71b69e8,75
7f7b2c732,82
7f7c6d039,62
7f8e636bd,60
7f9351c2d,49
7fad74e0f,53
7fc947bde,45
7fc99345f,98
7fcbcdc02,5
7fccc20cd,103
7fd945d34,47
7fdb2b868,2
7fdb7247e,15
7fe424fe7,96
7ff8d6f85,48
8005ccb52,77
8012c6779,74
801b2e0b5,38
801d0d3c3,75
8024a233d,14
80468179b,58
804f7c7a6,48
805888e57,78
805a4dfb6,72
805d8722f,80
805e9a7b0,4
805f78d97,82
8073355bd,103
807ae65c5,47
808071b96,71
8097bc805,76
8098272f9,47
80ab4469a,102
80abd878b,102
80acbf30b,86
80b87cc06,49
80c048cf1,4
80c9bb328,75
80ceb515c,40
80d468ca4,25
80d50c469,103
80e758118,56
80ec46d31,49
811acf839,49
811add27f,102
8128b8af9,48
812b38844,103
813ba4348,28
813efb8b3,83
814e0e21e,10
815b552f8,50
8168ee82a,102
816ada493,53
816ea6eb9,53
817066a16,4
8175828ef,47
817ab4ca5,50
818253773,94
8182d588d,7
8198687fe,16
81aae2d9e,94
81bb11926,11
81c8c5199,4
81cabee91,7
81d39b116,100
81f2fa04d,50
8212b672a,13
8226b3a56,50
8228ed988,14
822b2880f,73
82316b58b,45
824eae734,70
8253629c8,49
8257df18f,53
8260f8641,87
8261e8f5b,67
826712f91,103
82856ba28,42
828abe04c,13
829bcc49e,29
82a14f17f,5
82a37e873,73
82aa265b0,45
82b0ce34b,67
82c248395,45
82c3b7f7b,10
82d5f6620,68
82dd63dbb,47
82df3c1b6,45
82e9c6954,50
82f95de55,4
82fdb1afd,67
82fdce8f2,12
8303a6784,102
8304d7230,49
831348989,36
832b85df9,67
832bbc430,4
832e7cf1f,36
83302ca82,102
8361401fa,45
8361e9b86,91
83714b580,53
837a91c2e,49
839922a66,53
83a004123,4
83abaef21,103
83b0ea85f,13
83bb94c90,52
83bd193a6,5
83c2057bc,39
83e64f32f,46
83f7c30e9,67
83f820e61,21
8404dd232,79
840f3bd46,74
841a4bd7b,72
842297200,12
8427d213c,27
8429cc1ab,86
842be06bb,47
84412137d,53
8459de1be,87
846099053,93
847402c34,50
847ffdf2c,41
8482cd4e5,73
848c7cfe9,103
849e05914,103
84a3027c3,3
84b6560ee,25
84b7495d6,87
84b9be4d6,103
84fc267ba,54
84fc77fbd,50
84fece524,102
8507d1b5e,78
850acae7e,103
8515fa3ea,43
8523c7858,4
852b5fb74,13
85312fab3,14
854453303,53
854ca7f47,13
855229539,77
8556f75dd,101
8559d49e6,87
855c5dccd,4
855c94fc9,73
856565e67,71
856717f8b,4
856a55f6b,75
8571d6622,102
857250508,50
857a39495,103
8592e5ece,73
85934f1fd,73
85aeffc62,4
85b7e1897,103
85bde49f1,58
85c2ca274,51
85c40deca,68
85c84a176,60
85c997028,80
85d27a16a,53
85d30d942,51
85e11330f,96
85e1dd858,53
85f3749ca,4
85f511409,103
85f57ce0b,4
861f2c9c1,67
863e8afa4,103
8664c38e5,21
867374cad,103
868f3ca31,52
869035e2d,68
86935b0d7,21
8693ef6b1,5
8695f4633,53
86afbe278,49
86c0fdb4c,82
86dbae006,52
86f4d84a8,30
86f5cdedd,56
8701aa4ff,35
87020b1ce,71
870b7fc50,49
871699e5b,49
8716d5221,77
872eafd2e,94
873590360,75
8735b4ed7,49
8745560e0,81
874df1738,84
875510d5c,67
8756842ba,102
875858dad,4
875d12d36,102
875d61521,45
876b105eb,90
8776e1949,49
87827d39e,57
878bf09bf,103
878cb5b42,79
878e5d725,53
8794f7787,16
87a192226,14
87a338501,100
87a37b4cd,47
87a93b8d6,11
87acecd2a,67
87ad47626,48
87b9d4bb4,67
87c39a44d,74
87de4333d,53
87f6a1325,73
87f8091d2,73
87fde6edd,22
8801493cb,95
881336587,5
8816f311a,91
88226300c,98
884593f79,70
8846a7457,0
8848222b2,83
885d5d2ef,93
885f2eac5,86
88621ac35,83
8872018f5,21
88728f169,92
88735317f,46
8876c6402,13
887cceb1f,45
887fb3ff6,103
888fb3305,68
8893d08a2,46
8899c2050,13
8899f1bd1,4
88a7e7bcc,88
88ab1aed7,94
88be303e1,7
88c6b5f1d,102
88d1747a0,14
88d3afe93,53
88d492231,0
88de21f46,55
88e6ef51c,46
88e754f35,41
88f6fd6e4,51
88f8cca3a,53
88f935ebe,73
88fdcd071,21
8904c358d,48
89085d10b,7
8918114fb,10
8919d694f,102
891e42a88,52
892426d11,30
8924dae8a,53
8925b37f8,67
8935eaabe,103
894696267,67
894954440,87
894eeb28d,13
8960bdc5f,82
896467495,70
8965a61bc,76
8967f7f3b,10
897a2400b,67
897e8e24d,53
8988c222e,71
8996126cf,86
89bce4769,29
89c19cf37,67
89c87633a,91
89e147dd6,25
89e7620ff,48
89ea4a518,51
89ef3a121,78
89f3b6297,53
89f46bec2,68
89fb3d0d3,87
8a0b0f47a,9
8a18b9699,0
8a1f6d193,82
8a223576f,67
8a361b630,80
8a428ab24,55
8a4293e72,4
8a48a97f2,76
8a4c6a3e0,11
8a4dedc87,69
8a5353b56,67
8a566296b,49
8a5e6e01a,7
8a5e8c715,27
8a66bd5fb,49
8a693ad10,51
8a6ff36a7,25
8a7b93f64,75
8a81276fa,14
8a81cba04,48
8a89d3315,21
8a8eefe09,67
8a8fae985,72
8a904fdea,103
8a952300f,82
8a9b13bef,13
8ab688113,75
8ab8cb727,12
8ad5daf80,75
8ad63bcf2,71
8af4a8896,91
8af7864d3,95
8afd1d330,47
8afe59d10,45
8b0062584,43
8b01cbd62,4
8b0aa3f7a,45
8b11c130a,49
8b15247f7,49
8b23979a5,63
8b2742145,49
8b293a45c,82
8b2940362,67
8b2b9d6c0,103
8b31b6453,102
8b4182aa1,67
8b423a167,62
8b4b27e9e,48
8b4dab7c3,69
8b5155f07,40
8b5aa768a,61
8b7a73f76,53
8b7fbfa1a,0
8b85ecabc,73
8b86c4635,48
8b8836103,45
8ba970109,98
8bae211d3,7
8bb630662,70
8bc85ca8d,10
8bcc6b0a2,73
8bf87e69c,76
8bfb79995,5
8c026ccfa,83
8c0995d82,7
8c0e403af,56
8c102e395,81
8c17a992a,48
8c39d1b41,33
8c434769b,0
8c59b2b7f,49
8c5ae49a8,68
8c5e0c760,68
8c66b87c8,7
8c6fd0ec8,102
8c7950b1e,75
8c7a3ac06,56
8c7c3dbb2,48
8c8ffc7cf,89
8ca2371d5,4
8cb3a6ba1,4
8cb48a7e4,43
8cc1fc2f6,86
8ccadcb08,73
8cccd4aa7,4
8ccdebad5,48
8cd1b6545,24
8ce0043be,11
8cee8b405,53
8cf4b952c,93
8cf5bf4df,77
8d0b21b05,91
8d195e4db,73
8d1bc9b54,18
8d2997526,86
8d2b32b02,53
8d36d1fd7,7
8d3aa53aa,8
8d4368f5c,68
8d44b6bfe,79
8d4598be0,48
8d4c9f88e,94
8d4ecada4,79
8d53d2814,103
8d5494b6f,47
8d5b79bb4,29
8d60b7464,49
8d6118759,73
8d6c7ae91,73
8d6e9cd06,93
8d729fb61,28
8d73023b6,48
8d808a07b,53
8d8c840c4,73
8d8da7a3e,102
8d8f3ee47,56
8d9185540,102
8d9213283,72
8d94bd8b9,102
8d9ce649d,73
8da1e9ab2,73
8daf31854,45
8dbbf9d19,47
8dbc94744,41
8dc5fdc92,67
8de4ec677,102
8deb17128,103
8df2a19b0,62
8df7f4638,67
8e07336d7,47
8e07cbf1b,78
8e1e85931,76
8e298b272,73
8e2b5a31b,0
8e2bff6c6,48
8e390cb4a,16
8e412c7e5,49
8e5430d77,88
8e55f2268,77
8e59ed760,30
8e612d36a,45
8e6591362,94
8e66ce122,62
8e681fe39,28
8e6d1a140,90
8e70982a4,93
8e7173502,103
8e75c9098,90
8e8259669,103
8e8f25c31,87
8e90cbc5e,83
8e92c9811,81
8e96d5481,85
8e9cb9e5f,39
8eb564814,70
8eb64dc4d,95
8ec1ab770,103
8ecdad441,91
8ed239a08,62
8eed96f65,0
8ef339ee7,102
8ef4a7754,82
8eff39ec2,4
8f01b1034,52
8f029f975,18
8f04c2207,30
8f206287b,48
8f215711b,103
8f252ecb2,56
8f2f9d451,45
8f4a554f2,68
8f4e1b979,85
8f7576edf,13
8f76524a3,96
8f7809cb4,74
8f7dafef1,103
8f8ba278f,102
8f9a206cd,94
8fa0abb21,68
8fa62ef13,103
8fa8ee1c5,21
8faa5deef,39
8fb591dd9,25
8fbcbbcb5,91
8fc000b1f,0
8fc79c991,49
8fc8e6925,42
8fc8f357e,10
8fcb4c7e3,53
8fd2c007f,14
8fdb0b741,50
8fe181d94,49
8fe3eca19,103
8fe41c548,48
9000b5760,69
9009c7887,80
900f1f50a,87
9011dddde,82
9015e43c5,68
902b5770f,103
903a3ee76,45
903ae9a2b,43
903bde9b1,49
903d6d1ee,46
9040a1e5f,96
90452c872,4
904bafc6c,50
904f86ba0,28
905ed2774,103
906121480,102
9067fb1fe,35
906ed5d8d,10
9090142e8,72
90956475c,50
909b6223b,8
909e04f8d,67
909ea73fd,95
90a369187,0
90b57e4a0,96
90bb2bf7c,81
90bd4a9cf,67
90db97153,103
90e8d8225,102
910b97274,3
911c029b5,24
911ecfaec,69
91212615a,39
9121b3849,48
9123fc9c8,0
91275fda4,42
91398b8af,5
91433794a,7
914b0e71b,29
915159fd1,28
9154cfc20,4
91610e157,13
9167143fd,46
916834e2b,67
916e18133,46
916ee9985,13
9174ed35c,50
918ea59ba,73
9199afd98,12
919aa404b,13
91a2ba8ab,94
91b8321dd,103
91b98c869,69
91db7053a,78
91ed2728b,102
91fae734e,103
920247fd4,96
92025e489,28
922e45d33,67
923e37397,4
924218498,53
9244f8d54,39
9256e64b8,53
925de0d45,3
925f36b79,21
9264502a9,57
92673a9aa,4
926ed805c,7
92782ef45,102
9290d73a1,67
9294f2050,7
929ac8834,49
92a289926,73
92aea1584,58
92b24e585,87
92be2245d,6
92c33e670,67
92c7c2838,46
92c92500a,10
92cf0e905,76
92cf1594a,75
92d062d8d,71
92d447000,49
92d56d30f,30
92d8c290d,67
92da88798,73
92debc194,86
92e74b080,51
92e7e630f,11
92ec435fc,14
9304e605c,13
93100914a,4
93178e5ac,48
931b0b249,94
931cd1858,53
931e94184,47
932aeb630,102
9333ee3f5,42
934072bf5,53
934408cfe,4
9351e7281,56
935518c47,47
9360afb8b,24
9367b53dc,50
9372a8558,80
938b2ff4f,53
9390e29ac,47
939f715cf,53
93af01df3,73
93b56e886,103
93b754b97,67
93c15dc29,71
93cdaddc1,57
93e1b1b57,73
93e296cef,35
93efa8927,67
93f0dd7cc,75
93f493575,48
9403b3f86,68
940485a6a,103
9409f8d69,88
9416364da,49
9419289bd,75
941dde56a,87
94269c190,73
9428dd133,53
943e13c28,47
943eef63e,42
945155e8b,13
94693762f,67
946ef4894,4
946f97527,103
947bca713,28
94a240084,33
94a7c5ed2,24
94b493650,62
94bd779c3,53
94c53b0c3,43
94c8329af,10
94cf9944d,71
94d32655a,93
94d387cd6,53
94da0ee7f,102
94db73148,40
94e8795c1,47
94ef8e44e,9
950a866ca,4
950c30887,51
953076db7,67
954d0fe63,14
9556bf430,83
956392eb6,73
957f42d35,75
958e9761b,48
95a484b75,66
95a6fdac6,50
95ab27ba4,67
95b5120db,47
95c77ab53,73
95ca52d65,53
95d50723d,28
95e3375ca,4
95e7165a3,14
95eaa8650,47
95eb4c83a,80
95f734b2e,53
95f9e2bd3,13
960b40f5f,0
960cb8c40,43
960fe3fd2,48
96109449d,8
96112131f,49
961163819,10
9617ba69c,103
9643a628b,4
964412965,67
965dfff6a,57
967133383,61
9677be74b,67
9679190dd,70
967c6bf80,4
967f27ca5,91
96993f959,67
96a197cb1,72
96b039170,21
96b2a73ec,28
96c6c97f9,102
96cc54a3b,103
96d8b0c1d,67
96df0c6bc,73
96e4b2ef0,100
96f729725,50
9704969a7,4
972c95932,100
973172c57,102
9732ad4dc,74
973cdaffe,5
974a99cd3,53
974d0a175,60
9750fe0c2,4
976379adf,4
976e6375e,78
977a23c97,102
977ebbfb9,103
97808297d,24
978697ad4,103
978d9e4ce,18
97947bb82,49
979be015f,70
979d4369b,65
97a476deb,48
97a7c1e5b,87
97b161e96,67
97b3e2eb1,16
97beecd94,46
97ccf888c,103
97cf2d9a6,103
97d3f3707,50
97dbf9d67,13
97ddeaac9,93
97de1dee0,49
97dfe0bfb,67
97f545d6b,96
98033c300,28
98038f676,76
9804741b6,53
98077910f,91
981396649,49
981687c64,81
9824cd034,48
983130c4a,73
98320c076,39
9843c53a6,84
9856ba8b9,67
985c8a491,23
9881c6363,48
988f93442,29
98a3b2209,53
98b1475af,82
98bb92c1e,14
98cb45c72,95
98cd24c97,4
98dba17d5,10
98dcdf215,10
98de1be5f,4
98e101a61,13
98e5cf2d2,42
98ecbe0b3,4
98f577627,49
98f62f563,69
98fae1d61,10
990ca8dc7,86
991108b09,0
991294873,48
991b607de,80
9924275c7,49
99263d818,50
9935f0510,96
993b3757b,49
9942a5424,67
9944acf36,68
994b891a6,53
994db92ae,25
9950111eb,67
99536c670,56
99617ebe0,23
996a4ac53,49
997262689,48
997575057,47
99776d4df,25
9980474e3,49
9989acdc6,103
999be9923,53
99b3a15e5,49
99b639774,72
99be4bfbc,71
99c05f8d5,56
99c14d554,103
99caeeea3,73
99d0b77f9,93
99e7f0526,14
99e810fa8,95
99f271a51,1
99f5a507a,67
9a167fc40,103
9a1c7e11a,53
9a1d5df73,103
9a1e64ece,28
9a2fc15d3,13
9a2fe7b99,67
9a302252a,91
9a33c631b,4
9a3a414d4,7
9a3f6c785,74
9a3fa2c38,73
9a411636d,72
9a4b0da88,68
9a4c23eeb,103
9a4cb2829,4
9a513b251,36
9a55c6f1b,52
9a6716090,67
9a6a82b59,17
9a6e4aacd,97
9a863b9ee,75
9a879fb6d,4
9a8d29f7b,73
9a9255c3d,14
9a970ddaf,93
9a9c151f2,4
9aa0562f3,103
9aa2210df,46
9aa3662af,13
9ada0d093,93
9ae160f11,91
9aea1d3b4,13
9af5f572d,9
9b1b30062,50
9b1d44428,68
9b28c9ce7,74
9b2c62063,9
9b353319d,73
9b3779536,80
9b40a0513,47
9b442480c,103
9b444719b,102
9b49af313,72
9b608697d,41
9b7918a64,94
9b7ad01b5,48
9b8345ded,0
9b8caede3,51
9b9381ad6,42
9b9c0e574,69
9b9dcd9c2,95
9b9e080c5,102
9ba782fba,48
9ba7dcc7a,91
9bb756baf,103
9be084d41,21
9be9e90cd,48
9bef7aa96,95
9bf7190d6,8
9c0cad204,53
9c158e3c6,103
9c1a396f9,87
9c1ca344c,80
9c1fca4fe,68
9c2f4d9ba,50
9c3ca26e9,83
9c477d377,75
9c5095d94,51
9c54f2285,10
9c64cb14d,90
9c73592f0,67
9c8dc2ba1,34
9ca216086,49
9ca5d93d0,4
9caf3507d,46
9cb5c3012,67
9cb714943,4
9cd366371,52
9cd6277d4,101
9cd8464ef,73
9ce1a30b6,67
9cf28dce1,103
9cffa1c67,88
9d051fef4,50
9d0d80d6d,4
9d13c547a,49
9d3360932,9
9d375712a,55
9d388b6f4,4
9d38f1232,10
9d3f09890,13
9d44bd787,4
9d4d22004,68
9d56168f2,4
9d624affc,45
9d65f5961,74
9d77e8b46,74
9d7b004b2,75
9d7baffae,4
9d8d14332,80
9d8d9607d,53
9d9605a15,48
9d9654afd,13
9d96a6d82,53
9d98f7c9e,28
9da5c57ef,56
9dac30b0c,103
9db76cdc8,80
9db94c1aa,79
9dbd813fd,0
9dc89dc6a,0
9dcdd11ed,75
9ddb372cd,74
9de01514f,0
9de211ea5,9
9deaf95b1,89
9debacefe,73
9dec6e6da,84
9dfb86d81,48
9dfc925a1,80
9dfcbdf18,49
9dfd91c6f,67
9e006b3d6,103
9e011c986,8
9e07d0aad,22
9e31cbe3b,67
9e3425ede,4
9e3ca10fb,15
9e421d059,103
9e46889f9,102
9e4d41ad4,86
9e4dee17e,14
9e4e812df,5
9e4eb029e,83
9e60a5b0b,75
9e7060f60,77
9e7925f1b,49
9e7a1bca6,70
9e87cc8f0,10
9e99e1332,100
9e9dda9fe,72
9e9f2f914,4
9ea847197,77
9eac41e56,47
9eaf1170e,0
9ebc88cdc,4
9ec15c151,73
9ec91d6b5,4
9ed125a83,49
9ed2586ca,4
9ed93a956,95
9edb00dfd,49
9eea9316b,67
9eeefb070,10
9efbbd641,68
9f0f27251,102
9f2d4991f,62
9f392cb03,75
9f3fabc70,47
9f447b11f,102
9f4b942ff,13
9f5dfd81d,52
9f5e5ec3f,68
9f6708c0b,46
9f69713aa,5
9f80990ad,103
9f80ffecd,41
9f905ae2b,51
9f9578396,78
9fab84e7c,103
9faca65ce,50
9fb9a9e81,13
9fc4a402d,70
9fc75b12b,67
9fc9b533d,67
9fcb174b6,53
9fd265646,28
9fe09edeb,8
9fe27bb58,67
9fe3b171a,61
9fe8be4ac,75
9ff246fe6,73
9ff26d18b,69
a007c4ce7,36
a00b723d8,84
a01133fe3,10
a016dd653,49
a024aee0f,47
a025436a1,5
a0277cf50,97
a02dbf1a3,21
a0301d0e5,68
a030b3e71,103
a038cdfb1,103
a048044c1,102
a05706206,102
a05c1a9e2,93
a07779d6c,49
a078d515d,19
a086b2043,12
a08ff3c7d,39
a0925df64,30
a0add49a2,13
a0affbd33,51
a0b262e40,12
a0bdfb2d3,31
a0c7302d1,87
a0d5a99e0,53
a0d752238,50
a0dbd84e8,103
a0dfbd411,76
a0e82c1b1,100
a0e86b0b1,21
a0ea70e97,28
a0ebf07d0,17
a0f7fea74,64
a0faa7276,86
a10a0b280,47
a114ff305,19
a11918aa3,53
a11aaec4d,12
a11b09e07,0
a12ca9636,90
a12ed8ec5,71
a13259e0d,46
a134c5401,4
a13beee25,25
a13d3dfa4,50
a155b0167,51
a15f2da3a,44
a167a159e,50
a16bdddf1,48
a16eb5fa0,103
a17d53e19,47
a18ae9e89,53
a19239dbe,75
a19256173,48
a195eb3f5,67
a1a26657a,50
a1a2e7691,48
a1ae9344f,13
a1b220f98,65
a1b4dc452,91
a1b523d1e,69
a1bd64c5b,30
a1c45a1eb,76
a1c8de469,73
a1ca4c928,4
a1cce28af,52
a1d2cd9b9,73
a1dfe6e17,103
a1e81894c,67
a1ecb0622,66
a1eee5a29,72
a1f8b0936,53
a20b7d9fa,68
a20b98b33,53
a21a2c1b2,102
a21f6d452,49
a22110e6d,49
a235500d0,66
a23d903c3,103
a24932259,4
a249400b4,4
a256f13ff,67
a2606d96b,50
a29695033,48
a29efa0f2,53
a29fae12a,29
a2aa2199a,66
a2b22b6cf,48
a2b4482dc,45
a2b499115,70
a2ca3206f,48
a2d5f3e8b,72
a2d6fcb7b,62
a2d7f197c,103
a2d9d460e,43
a2e477d6f,102
a2e48b4b8,63
a2e59aee8,14
a2f66236c,43
a2fcedaf7,67
a3119fa46,73
a3160e2c1,73
a31b18ea9,19
a31e545e0,4
a31f90373,67
a324dcaed,29
a334e573b,101
a3355967c,48
a3500e94e,49
a3535e355,53
a35a4626f,102
a36120551,48
a388602fe,28
a391d5adc,48
a39a47b84,0
a3a17500a,14
a3b63b1f7,22
a3c091760,57
a3d0a07a8,73
a3d0ecd9e,3
a3d606459,49
a3d8cc563,33
a3fdd2210,50
a405112f8,88
a40c5b66d,62
a41d29902,103
a42065058,75
a425fc6a7,48
a430b437c,4
a43f7fc0e,49
a44826a0e,53
a4513ca36,102
a4541b8d1,103
a45f859f5,87
a46582e86,81
a473f26bc,103
a475599ad,14
a4841f6e7,0
a497a8c2c,73
a4a05f743,73
a4c653f29,46
a4cd1d43c,67
a4d628083,50
a4e32e242,95
a4f827652,13
a51abdf4f,9
a51b01392,42
a51dbb7c5,51
a534b0f16,86
a53fc71a1,47
a546be8e9,4
a5566ef23,53
a564e4f51,29
a567d4a59,67
a575e3bf7,83
a5988f75e,53
a599e44b9,14
a5a71637f,68
a5ae66568,14
a5b604f04,82
a5b6a29c8,59
a5c3359e5,82
a5c902dab,5
a5d301249,74
a5d4584c3,4
a5d650b37,75
a5eab308b,87
a5f5634a7,75
a6105941f,8
a622a8c05,83
a62dba9de,103
a63f52d9e,48
a645ada8e,103
a64d32c6a,73
a666bcc36,10
a6672b875,29
a66f7bbc6,4
a670f0c43,68
a6732ac2e,77
a673ada99,53
a67769dd9,95
a67c5bc5b,53
a67e861a6,2
a68286bc6,48
a68584f39,0
a69c80256,48
a6ad089f9,47
a6ade9e09,28
a6bda1044,32
a6c8a28d6,67
a6db0754e,13
a6db70773,47
a6dbbc248,64
a6e0df6f5,4
a6e295583,78
a6e42d0ec,56
a6e627c10,4
a6ec0a798,53
a6ef2c9ab,49
a6ff6f81a,52
a7046c744,70
a7088bd2f,53
a71e2481c,78
a73af3677,67
a73efac60,81
a7464ddab,0
a74852f37,0
a76407bf8,30
a76840623,68
a7756b411,53
a77db045e,2
a781c6147,73
a7855a3e3,103
a7857a9be,53
a78af18b7,67
a794b05cd,103
a7ab2ef02,53
a7af85579,62
a7b14afce,49
a7b95dad7,103
a7bb097c3,51
a7bff7fab,67
a7c42fdb2,49
a7caedcb0,39
a7d70c4de,8
a7d9f1cdf,103
a7df3f054,53
a7e869862,72
a7eb19305,73
a7f1fb92f,67
a7f5360e0,4
a7fcb3749,52
a80f444a2,39
a810efddc,58
a81b149d6,49
a829407c3,7
a82ca5b13,12
a8331323f,27
a8338c626,102
a83db002c,80
a8428cf05,73
a84815a9f,92
a853842c0,57
a855179f9,93
a859410aa,10
a85a06d9b,75
a85e27a09,51
a86983a99,96
a86d3684a,28
a8740586a,4
a893581c4,9
a8a7882c3,102
a8a8b4261,74
a8ae0ccc3,31
a8b29edd7,83
a8b46288f,5
a8ba067d1,77
a8bf527dd,6
a8c934e35,4
a8d7d90ae,67
a8de792e9,13
a8e11ba37,75
a8e6d30e2,4
a8ec16428,102
a8efc4d66,36
a8f945820,53
a91426ca4,7
a91c62b42,30
a91e7f455,59
a939e29d9,103
a94695f27,51
a94c4d821,80
a94f6dde1,72
a959c7034,14
a97dcebf1,4
a97f64861,16
a98070f17,49
a98328317,14
a9855f136,4
a991b14c8,75
a99ec466c,102
a9a1e0332,49
a9a679316,103
a9a93e3a0,9
a9b1f63d0,4
a9c8ee568,67
a9c9495ff,48
a9cb1cf8a,18
a9cfe91af,79
a9eaae137,67
a9f0935ed,49
a9f3ec5aa,70
aa016ddfe,4
aa063d915,67
aa070417f,103
aa118cbeb,102
aa12729de,47
aa1db9aef,89
aa2b95145,92
aa32d1bac,32
aa4f36f71,77
aa560af38,103
aa5c575fd,67
aa6a116bf,98
aa6a6c73d,83
aa85a14bc,71
aa8eef48e,103
aa9279a0d,103
aaa580243,82
aaa8e6d3d,70
aaab6a867,47
aaafbe4e9,16
aab3a2289,28
aab7f897d,75
aad6bc2bb,78
aae8b6cb7,102
aaef221e7,48
aaf781d34,1
ab06cb3c9,1
ab0af1000,49
ab1d26187,21
ab218ac50,53
ab254cf0a,47
ab3210eac,75
ab35917f7,67
ab3bcad5b,73
ab473d0fb,11
ab54ef65b,7
ab5f64570,13
ab6404be4,29
ab78481b6,103
ab8add1c1,77
ab905cacc,14
ab99925c9,53
aba2f346f,42
abac36cc0,53
abaee2413,78
abb27a80c,28
abb6d81d5,77
abc1d37b6,82
abcdf9705,41
abd018788,36
abd425a9c,101
abd803ecf,49
abddbf3d0,4
abe2e74a6,78
abea787cb,75
abed810c6,87
abf65b6e6,90
abf7ceca6,4
abf89f144,82
abfe5bd86,99
ac0930c4d,75
ac114952e,73
ac1156cb1,88
ac184d84a,87
ac1af6f95,53
ac1c8b1a1,9
ac263553a,67
ac28e9c47,76
ac32140ca,15
ac3ed3cb8,67
ac63c6d38,29
ac67924f9,64
ac6d42eca,73
ac73af09f,1
ac79edae6,23
ac7c6ce37,12
ac869f858,47
ac8d33b0e,103
ac937c18b,49
aca9ab734,103
acaf761d0,73
acbe731d1,0
acc347bb6,4
acc377b86,41
acc5f6c4f,44
acd61abf2,77
acd745458,102
acf17fceb,103
ad06e1507,73
ad0d1c07b,13
ad153ca7d,75
ad27e607b,102
ad2e27bb5,9
ad34c1f34,64
ad3eb529c,48
ad494795d,9
ad60c3571,50
ad62f8d41,53
ad6d4b44d,88
ad74613c8,68
ad7707082,48
ad77c781f,53
ad81d29a9,7
ad82b1ba6,8
ad82ed1ea,94
ad85435d5,67
ad9a77e7d,0
ad9aa2ae2,88
ada0d1354,59
ada310267,13
ada4b9362,10
adacbebc1,90
adacc3a94,39
adad9bef9,93
adadd8f7c,80
adb78b73b,48
adbd3dcf6,24
adc3d214d,48
adca067b9,94
adce755bc,10
add649c7d,42
ade6312b1,103
ade9181a5,26
ae016f27f,49
ae05e03cd,79
ae2864464,88
ae2b1bed4,75
ae331a500,46
ae3a8a68d,13
ae4b7aec3,103
ae5333fa6,70
ae61e912f,14
ae62dc8b0,7
ae6ab4563,14
ae6b4c59b,103
ae6e725ee,79
ae78a372a,48
ae78a484f,103
ae804f35b,75
ae8e3af92,29
ae8e8b50a,49
ae9a70845,83
aead648e4,61
aeaf5ccbb,77
aeb1a52fc,51
aeb2bab6c,87
aeb67eefb,52
aeb6e32ab,83
aec05dfaf,67
aec93bbc4,53
aedab5dc5,74
aedb03983,82
aee5c9b93,47
aeefaa66b,97
aef983095,4
af181a2a3,10
af2a02abc,31
af3c7a24b,44
af4873fe3,49
af4d8f92b,83
af511f5d0,80
af51f29c8,65
af5e2bbd4,45
af669d8e8,103
af6ccfeca,91
af70c8cc6,48
af7eab8ce,64
af8b9e043,86
af8f1a4cb,80
af8f3cceb,73
afa2ae498,9
afa3fc6ce,94
afa405f0a,53
afa55360f,10
afac3a5b7,53
afbd78d62,73
afbdbbf2b,48
afc49f312,46
afcddfdcd,56
afd01aca5,43
afd56596f,67
afdba6c0f,46
afe1e4f66,73
afe70f1d8,87
aff590876,47
affce3819,17
b020fbff9,53
b022bab0f,59
b034c82ce,80
b043db93b,51
b04f7be54,24
b05b5e5ed,22
b067fabd8,48
b078f662b,67
b07bb0c22,4
b080d20f2,103
b09f6318c,91
b0b2364f5,68
b0b810f90,47
b0bde1b03,61
b0c17d5c1,102
b0c7165ba,95
b0d0e7cd7,59
b0d928a20,103
b0ddbab02,99
b0e07a930,19
b0f2342ea,86
b0f5721ca,4
b0f5e118c,47
b10193db4,44
b1041fc0d,71
b104b01c3,9
b1066d5b5,65
b106e1623,90
b108950de,47
b125a5970,54
b1296679d,75
b12c4cea9,103
b134d8c5d,67
b137658ab,4
b1391f097,68
b145790f2,0
b145fd2da,38
b14b95e77,0
b15603bdf,4
b167313d0,31
b17ebaed0,79
b1845770d,41
b187b258b,36
b1ab363dd,103
b1adced44,18
b1d61c023,67
b1de2b162,103
b1f3717dc,86
b1fd7a2a2,62
b2004fc1c,103
b20b97998,48
b2104558a,103
b23e435d9,73
b241ccc78,0
b24b4ecc1,96
b25179fca,49
b25c080d9,102
b260d939d,53
b2662c86e,94
b2684281f,46
b26f33224,4
b273a1ca7,73
b27c04f88,31
b2982bed5,103
b299b2022,67
b2a655d89,39
b2a96e09a,13
b2b4ffcd2,72
b2b7e722d,103
b2cdea1bc,4
b2d223ece,48
b2d3bbf61,68
b2d489e27,69
b2d9ede68,73
b30719c82,81
b30ac7015,18
b30c2d7fb,24
b319ff6ce,98
b32d80296,79
b335b5bd7,67
b339d0a61,103
b33fe8ed7,4
b3411ee1d,49
b3541d83a,80
b35d89433,50
b364a9362,14
b364e8688,70
b37712a07,14
b382faa85,42
b382fd54c,90
b390e248d,93
b39cc3832,9
b3acfed2e,103
b3b55322c,73
b3c636639,103
b3cc561cf,48
b3cf1a86f,90
b3d9e6b6c,4
b3deff050,103
b3faa4ebc,71
b41a52def,14
b41fe0aae,82
b4405e586,67
b448720a0,49
b45121ff1,48
b45b3f474,62
b4663783a,102
b466a17e8,16
b46f208b1,83
b48c962e0,25
b4a235b93,13
b4aa13520,12
b4d954bdc,80
b4eb26098,68
b4f324422,68
b507ebc7c,88
b51c9863e,43
b5253f91a,47
b52c3c500,103
b52d8f0a2,47
b52dcfa52,82
b5422eec0,48
b545ede10,74
b547b5949,103
b56ccfec7,48
b57325fc7,53
b57dfb28a,25
b57f26c3b,73
b57f67883,91
b5860475f,37
b59846a6c,93
b5a739d1d,67
b5ac11272,96
b5cc43bfa,73
b5e238431,62
b5eb21e9c,68
b5f49135b,4
b5fd14fbf,50
b5fd782ee,28
b5fdbbd19,81
b601d9f8e,28
b605cac2f,88
b61f62d90,53
b6203cd3a,48
b62a1a945,14
b631d859f,31
b632c0a2e,28
b63c59f86,49
b63ea2bf3,79
b64ae4e8c,81
b64db46f3,67
b651d313e,96
b6559ddf2,50
b65acd50b,13
b67bdf3d5,13
b687e4bd9,88
b688ee356,76
b6a36c182,67
b6bc88c1f,58
b6cb0c2b8,75
b6eb04bf0,71
b6ef5389e,74
b6fbcbacb,53
b7063973c,28
b70a1ef51,66
b70f99706,36
b71543e42,48
b72ac95bc,22
b72fe5b8d,29
b731c25d6,57
b738a5ab0,90
b74047d71,85
b764d3dd7,73
b765dfa87,73
b77626f46,73
b784d7a07,76
b7882444e,53
b78e121dc,14
b78fc427d,83
b796fe951,49
b79cf00ff,69
b7a815e07,95
b7a8c231f,48
b7aca2c8a,0
b7ad587a2,54
b7ad7d574,103
b7af85f6e,103
b7b3939ca,79
b7c02d7c8,102
b7c137651,64
b7ecbd370,4
b7f261913,82
b7ff1634e,48
b80695478,47
b80e5bddf,67
b80ea5db7,47
b811b25c9,43
b82a2a3d4,49
b82ecce8e,13
b82ef433b,49
b83336a9f,4
b840c68bc,67
b845a0f00,10
b846a9ee6,101
b84a40e10,39
b86044a66,34
b8612fa45,75
b868bcb9b,103
b8741ea9b,100
b87d8fec4,13
b87e16bc0,103
b882b8bd8,103
b8a90ad87,62
b8bc9b3b2,71
b8bfa2b50,13
b8c3f66cf,25
b8c434ee9,103
b8c5eeb8b,4
b8c82be3f,48
b8e0b2ee2,25
b8e1080ce,67
b8f76869d,95
b8fbf9eca,42
b8fd3b2f7,75
b8ff15213,91
b909b96d7,43
b909de36d,77
b91c00f4b,102
b91ced576,73
b9204c339,68
b9231d9bd,2
b94381f7b,75
b95364dd0,13
b96651b6a,29
b96a82543,50
b9811a813,96
b983a51bd,103
b99ddd49b,45
b9a264608,90
b9a6f2dab,50
b9b1f27a7,93
b9b88996b,94
b9ba7799e,13
b9bae6b0e,34
b9e513369,87
b9e60ac3b,67
b9eed2baf,82
b9f422445,13
b9fb3d0cb,29
b9fb466af,53
b9feb1bca,93
b9ff3b500,88
ba23c645d,45
ba2d603c3,73
ba32fd161,75
ba49d2dda,102
ba4caa600,49
ba635bb61,9
ba757db32,73
ba763e4ad,94
ba782cc48,48
ba9e184b1,67
ba9e2d304,45
ba9e33af2,83
ba9fa9f30,49
baa0d1cb2,50
baa258007,25
baa4deee5,67
babc5e002,67
babf57037,75
bac490985,67
bad7b9ba0,49
bad8d3e9f,53
bada5fd0d,75
baf415f07,72
baf87d0e3,63
bb0b0e551,57
bb0b9304e,102
bb0e5dbe4,30
bb15fd515,4
bb1e822e8,47
bb298dcc5,94
bb4688502,53
bb5147a35,22
bb5a3fd92,7
bb88f386b,62
bb91e163e,102
bb9565c29,11
bba2d82cc,38
bbad1c1a8,39
bbaef0141,67
bbbc5f9a8,85
bbc846996,15
bbce1172c,67
bbd3eba7d,103
bbe2e7c64,51
bbf51ba25,49
bc08f60aa,49
bc199fa70,79
bc2795b7c,48
bc45792c0,103
bc4b01a52,97
bc4c39336,47
bc53d427f,4
bc62cedd8,14
bc707c021,86
bc83dd474,34
bc8917394,72
bc9873f0c,41
bca2de14e,81
bca706d7b,88
bca8bf0d5,13
bcad89a07,13
bcb18c6e4,103
bcb73b724,30
bcbb5c787,103
bcbc0ec93,8
bcc60f666,7
bcd08a7dc,85
bcd277266,68
bcd68e6b2,31
bcd77e220,5
bcde05c42,73
bce37c882,13
bce577229,102
bce769fa0,13
bcebc0b3a,49
bd049d019,102
bd0d92568,72
bd1b3d191,49
bd1dbe4ca,53
bd2e8c9b0,103
bd3464591,79
bd3518b92,50
bd35bb1c3,73
bd3bf8f16,72
bd401fd21,103
bd439cf5e,53
bd4976820,4
bd4f8c863,68
bd612f053,103
bd6862590,47
bd6b0dfac,49
bd6ee4ac7,47
bd8139bb7,4
bd8830a6d,73
bd9cf6b4e,4
bda439192,50
bda7820cb,49
bdb501796,4
bdb951b2e,45
bdbec7ef5,86
bdccd8d94,53
bdf131dae,59
be007fe7e,78
be06b31f4,53
be1b79939,4
be2773579,14
be2c310d5,93
be30d241b,67
be3873f5d,67
be3a7698e,103
be5a25da8,48
be75bee29,47
be75d9856,67
be7a473f4,45
be82bd09f,4
be953b60e,102
be9d52ef0,82
bea291a1b,27
bea75c9d9,32
bea8158b9,72
bead374cb,57
beb9f80e6,103
becdc1364,95
bed3cd944,74
bed5e7833,36
bed5ebc31,84
bee47a94b,67
bf16e0cb8,49
bf195e5c1,48
bf3116d78,85
bf4bc1677,42
bf4c39972,4
bf54b2c66,0
bf6653e3f,67
bf679c82f,9
bf711d50c,56
bf7b19901,7
bf7e00572,4
bf85f6b58,0
bf8a78505,39
bf9e90a5c,8
bf9efeb37,67
bfa9dec26,4
bfb86b915,88
bfcb81efc,10
bfcedb4e7,59
bfd311430,75
bfd66b238,43
bfd8234f6,49
bfda38c44,48
bfdd4162d,76
bfdf112fe,89
bfe43d44a,12
bfe670846,103
bfefa1d73,43
bff69770d,73
c010973b8,89
c01254e45,87
c05075421,102
c0654d4f5,69
c06c7ca88,46
c071b59c2,67
c07cac3dd,4
c080ec831,45
c081f5b7f,45
c0825b4f8,74
c08671252,28
c099603ac,14
c09ec978c,103
c0a83f8bf,13
c0a9efdcc,99
c0b653e38,48
c0dd27777,41
c0de46b28,54
c0e0640c6,51
c0e30a258,62
c0e7198e2,58
c0ebfe98e,24
c0ecf5eb5,75
c0edbe84c,95
c0f132f35,102
c0f55d16e,103
c0fb3bed8,19
c11e44cde,16
c11fb922f,18
c12330d34,48
c127de43c,4
c128b1e28,29
c1390c263,53
c1435ebc0,4
c144ae440,103
c145a87d1,67
c1553af6a,8
c1573a6be,102
c162978be,75
c164f8571,97
c16bd5262,73
c16dd6692,43
c17b6ab8f,17
c180f1160,80
c18a20c3d,47
c18fddc3d,48
c199140c3,28
c19d02d04,67
c1c26f4ec,62
c1c3919f0,13
c1c4b2105,48
c1c9a86db,10
c1d072b0f,83
c1e39ffe4,4
c1e7e7867,76
c1ed4ef6e,0
c1f18cb5d,49
c1f7fad28,53
c1f89f237,49
c20b4c81f,18
c210cba33,73
c21cd70d4,52
c223fc7dd,52
c22e3bf9f,32
c2300272e,47
c232077ef,103
c245c24bd,59
c25141a41,97
c251cfdb5,75
c25b13b1d,103
c27d7bff9,102
c27d9c294,91
c28a33596,73
c2915a59d,49
c293ccc31,94
c298d16b3,73
c29915daf,51
c2a426d70,24
c2a609ae7,103
c2a78ef27,48
c2ad42df9,74
c2b3daa2a,25
c2b8d96b7,4
c2bc296b9,25
c2c5a8cc9,7
c2d0ff1e1,4
c2d849108,82
c2d8b52f0,3
c2ddc15a6,80
c2e2626e4,81
c2fe4e836,10
c301cdf4a,80
c3194a1e8,69
c3222a379,59
c323bee87,28
c32f14d9e,67
c337a455d,4
c33ac1a9e,4
c3432750a,4
c34f2139f,94
c354e0d67,42
c3565844a,102
c357e5a70,58
c359190d8,56
c36b30d62,49
c36c6ab5a,67
c37a6f3e9,83
c38884c9c,22
c38903943,73
c393d0e16,90
c39bb3b9f,14
c3a60c66b,72
c3ae73094,74
c3af619d3,0
c3b24720b,18
c3bab1104,0
c3bcd37c1,92
c3bf03c46,73
c3c4ea291,27
c3c540406,14
c3d03598b,24
c3d234832,30
c3ddcd12d,69
c3ecbced7,75
c3f6cd0e0,28
c404b8c8e,79
c4081a31e,68
c41a4be65,75
c425cd871,59
c429543bc,77
c43ae531d,103
c44d85f2f,51
c46b163d8,40
c46f7eba8,18
c4727766b,4
c476f6495,103
c48f8f050,4
c4970c739,67
c49cb046d,21
c49f75868,102
c4a376520,93
c4c67ba42,96
c4c78dc65,103
c4c802142,49
c4c9b5dc4,49
c4d436848,93
c4e7f3aff,52
c50ca0af5,10
c50fdc486,56
c511b01f1,100
c515db368,48
c51ad1704,76
c52257cf9,73
c52b1e973,46
c54530ff1,48
c548502c7,24
c548ffbe8,4
c54d38d9e,94
c55a2af2f,4
c563c699e,73
c571990d4,16
c58d1fe16,72
c590e76b2,8
c5ab18c87,47
c5b5ecb0d,48
c5c1962bb,49
c5d48fbbf,67
c5d9914cb,49
c5f4134e0,102
c5f7f7fe3,68
c5fda34e8,14
c5fdb2459,13
c61564271,5
c615baaa2,92
c61f34131,102
c62460407,90
c624f43f9,14
c6326ffed,102
c63427eb2,99
c63df66ce,28
c63f5d38c,96
c6492c817,67
c64eb3a36,47
c652a7499,53
c67210c70,4
c67446d52,94
c6774c8ab,102
c67858398,14
c68758b00,53
c6baa2b95,55
c6bb832b3,0
c6c801e09,67
c6cd3ac47,75
c6ce2c1ae,4
c6e5bc142,67
c6fdffb79,0
c701bae84,75
c70d94083,77
c71b3e27d,103
c72964068,48
c74e100ff,69
c753eb6c0,9
c762253a3,49
c76daa7f8,7
c779948c7,93
c77c99cfa,49
c77e635e6,13
c7827133b,50
c785abe6f,7
c78e06bc9,14
c7ab8e645,53
c7acfdba4,53
c7b1fd88a,23
c7cd71880,77
c7cdff2f2,73
c7d865058,48
c7dad9e04,48
c80ef2e31,80
c82045295,12
c82e8a869,4
c832cf426,73
c8349d602,49
c83825f6f,72
c83f746ac,48
c84ce54d5,7
c85a1d564,25
c86b6ee78,28
c86cce658,103
c874dbc71,102
c87bbe155,13
c87c12901,30
c87d22df3,90
c8aa236c5,49
c8b1673ca,67
c8baf7ea1,90
c8bec0f66,47
c8bff789b,36
c8c7e71fb,95
c8c88493b,93
c8c92b3d1,49
c8cacb55a,42
c8d684975,29
c8e30f4c4,67
c8f0b4717,77
c8ff3649a,77
c90849e35,75
c90a12d27,7
c92684487,65
c92860c63,48
c92cdfeb4,41
c93150ab0,88
c931dc74c,88
c93ecfaeb,73
c95269a6c,48
c96004e94,35
c964a7aa9,49
c96b560a3,47
c980fa8a5,67
c987ff810,68
c9a7eae13,74
c9ae3ceea,50
c9c069119,95
c9c4ad186,95
c9cb86f46,50
c9d5ec522,75
c9db9600e,52
c9dcff9ef,49
c9e27d0e3,49
c9e727ec7,18
c9efb9d66,49
c9f640a80,4
ca0113f84,1
ca050faf8,12
ca1095668,80
ca19d9909,73
ca1b7fcd6,102
ca1cef6bb,29
ca1d1d65c,46
ca256fab6,0
ca2cc5375,4
ca2f4b9ce,4
ca3dd51e6,48
ca53ebc3c,38
ca82d5eb3,103
ca865c4b0,40
ca8726968,46
ca875ed6d,0
ca96ff636,66
ca9c4b1e1,4
ca9f22cc1,49
caa1dd6ea,50
caa580f63,93
caa9982e3,69
cab155898,46
cac40db60,20
cac4474ff,24
cad0e063f,73
cad6a0d66,53
caf89a8f1,58
cafd03a2f,102
caff65f31,48
cb02dfd8e,49
cb05fa534,48
cb1fa5404,49
cb22250ca,79
cb225cfe6,74
cb26ab8e1,95
cb297624d,91
cb3ba4df2,50
cb3bdf3e7,17
cb3ffeb02,37
cb4330abd,78
cb59a4824,67
cb5c98667,94
cb697da69,94
cb80e17f2,55
cb82723d1,103
cb8786391,4
cb9adc4aa,103
cbb2dd81a,69
cbbc6e017,82
cbbe148a1,93
cbe14bd98,49
cbf0f9495,73
cbff5d0c1,48
cc055150c,73
cc0db3719,48
cc0e98f9c,91
cc16ab1ba,97
cc256396d,50
cc3b595bc,70
cc4399647,0
cc446554a,102
cc599caf1,4
cc6a65411,83
cc7981c1e,49
cc98ccc8d,4
cc99ce5cc,0
cc9cd7803,0
cc9d66275,65
cc9db3d3f,49
cca529347,75
ccb9b5cc7,12
ccbe77cf0,73
ccc54a4f5,53
ccdbfbc8c,67
ccde3ea45,12
cce4b16f5,36
ccefc605e,30
ccf2ec80c,67
ccf5f3de8,47
cd009e1a0,0
cd053695f,94
cd15074d2,0
cd16a306c,82
cd20c00da,64
cd27460a9,103
cd29fcb6b,82
cd35b6b36,68
cd3c07f1e,53
cd4179139,4
cd4b41085,58
cd4bca93f,50
cd503942f,55
cd6748273,86
cd6fb957b,80
cd703e25f,53
cd86aac5a,4
cd88f6d4a,28
cda807af3,4
cdb8be610,4
cdbac498f,103
cdcb45570,73
cdd700dd9,51
cddf33a9c,103
cde20b1b5,4
cdedc9d47,72
cdf877752,53
cdfa5a4b8,74
ce028c60d,46
ce0668511,53
ce06ee7c4,72
ce1019f58,53
ce136eb7d,0
ce17d08ea,82
ce2335977,85
ce27113a5,73
ce2745e96,52
ce3c158fa,74
ce434f86b,89
ce53cea31,72
ce5af8fc3,25
ce5f6dcef,87
ce6096353,65
ce60e5f2a,57
ce6303fec,52
ce6b42efc,53
ce6b9b704,4
ce6f860f1,33
ce71e2dfe,94
ce72a44fe,102
ce7f9e0a0,8
ce824d546,76
ce934c0dc,90
ce97c8026,32
cea4d818e,73
ceaa96cd6,103
ceb261e4c,103
cebf5375e,74
cecb3fe1c,75
cecc8c55b,83
cee0a6466,49
cef09a713,0
cefe64b4f,36
cf087fd47,45
cf192fc6a,48
cf1ad8706,27
cf1fb187a,8
cf3047df1,4
cf3bba4c2,101
cf68a6af8,15
cf787b891,29
cf86bf7e0,73
cf8ee02e6,42
cf95485eb,73
cf9cf9368,49
cfbc79ec1,67
cfc106ac3,67
cfcd57260,69
cfdf97182,102
cfdfb9028,91
cfe404d71,49
cfe6b80bf,0
cfe74bfdf,68
cfebc1eb9,47
cffa0410e,53
cffa6d1a4,103
d0007cc98,13
d00342c5d,13
d007caae7,91
d01453352,4
d01d8d2fd,45
d01f39daf,0
d02a2fd8f,103
d0411902b,67
d0570b30f,88
d062630fd,11
d0661be31,82
d06adb15c,48
d06bf1078,102
d08960735,73
d08be28c6,62
d08d707db,48
d08fafe17,76
d09882bb8,46
d0989eec5,4
d09afd3b0,77
d0a654445,87
d0a99b293,67
d0b1e24e9,77
d0b48815a,53
d0bb3317d,36
d0bd30dd2,82
d0cc62751,40
d0cd8ecb5,0
d0e1963b1,57
d0e21eef7,13
d0e47da08,73
d0ee253f0,67
d0f992c31,45
d1196d6ef,49
d12204c77,20
d123bd691,36
d1292ab63,73
d12bd1d03,21
d146e8595,5
d14901985,4
d14992eb2,72
d14a0c9d2,4
d1511e64f,12
d15a4d94c,49
d1655f52d,47
d169dad5d,73
d16bd1260,82
d16d34784,67
d17630e6e,48
d17ef4e5e,67
d185711fc,49
d18e36dce,75
d18ee118e,94
d1993c898,67
d19fb376e,40
d1a2458d7,67
d1ae6b983,68
d1b0f75fc,18
d1b3aaf63,86
d1b715fc8,103
d1cfb6a0d,28
d1dacf9dd,91
d1e91d28a,93
d1edcd33e,70
d1eebfd7a,103
d20e60a1f,71
d2277f8e6,0
d228d4fca,72
d23336d37,79
d25115245,49
d278a4f7a,49
d28273036,74
d28fc9f29,67
d2927e981,4
d29cd9c2a,0
d2a45014c,68
d2b091c3b,68
d2b357573,43
d2cd8b9fe,74
d2ce72fe0,71
d2dc27a1c,64
d2dc32c18,95
d2e37916f,4
d2e838de1,47
d30a6e9e5,43
d30f4ccaa,49
d31117d38,67
d314c03fd,47
d31f5a836,16
d325e5d76,14
d32d6ccd9,75
d34ac237a,50
d34eabf31,67
d35565c6c,4
d35b47e60,0
d36d163c8,102
d375ebc76,49
d376c4365,55
d37745aae,99
d3777d5cb,71
d390d32c0,4
d39b5658a,13
d39e4ad87,103
d3ad608e8,41
d3ba42b8a,4
d3be0d35d,88
d3ccdf536,14
d3cdb9655,102
d3d08e737,32
d3f044336,49
d415cf45d,103
d4350350c,71
d4362cb73,103
d43d8c9d8,82
d445b47b7,78
d45c77b42,47
d4610121f,45
d46919710,70
d470e311a,73
d47eedb46,84
d482c8cf2,29
d483748e6,71
d49030919,75
d493e1205,67
d495d29df,89
d4a2a2f29,76
d4ab201b8,3
d4ab600c2,10
d4ac640c0,7
d4ae8d14a,41
d4afbe85d,13
d4bd9703f,69
d4bf7a89e,86
d4bfe24fb,46
d4c0f8a5a,67
d4c65214c,76
d4c799460,17
d4e9355ef,4
d4f431dda,78
d4f750507,74
d50341097,70
d503d72f3,26
d5198c9f6,61
d51f2e142,45
d5320553f,68
d539aadae,29
d53eb8a52,103
d5400cc1e,100
d55497abb,102
d5628d4df,8
d56664e9d,74
d56f1eaf5,38
d57064ac3,97
d5766b84a,4
d5888b919,4
d59fc6634,91
d5b001638,102
d5b91872e,90
d5bb1b0c8,16
d5c5cde4d,93
d5ccfad53,49
d5cd9674d,70
d5d2c10fb,55
d5e054427,10
d5e4303b9,7
d5f6e40f7,69
d60582d88,5
d6143b4d4,4
d615fd16c,49
d637980a2,45
d64daa728,103
d6503fc7a,53
d665d6a8c,80
d6694bd34,72
d66dec02b,4
d66f375db,95
d69a2d62b,53
d69c942d9,11
d6a1ca6e7,21
d6a792c0d,40
d6c7e918e,67
d6cd39e5b,13
d6ded3726,82
d6e9bc323,13
d6f707315,47
d6fba1863,25
d702d0c15,41
d70ee220d,5
d70fac2cf,77
d710d0940,75
d71ba33b6,67
d7388a066,68
d753dc261,7
d75974136,73
d779dbe77,47
d77fa0d2f,8
d782603ae,53
d78b3b629,83
d7a64d386,67
d7a9e0691,53
d7b1f9c1f,67
d7c723881,67
d7c938976,100
d7d655c8d,14
d7d866216,73
d7e737749,55
d8076fc39,44
d8136729e,80
d814f470b,73
d81994ed2,79
d81c315b3,48
d81fb8241,102
d82441a6e,90
d828c217b,77
d829aea86,49
d82a21bbd,93
d8346f57e,71
d83b8cc1f,96
d83d3fbab,90
d8437a7f7,89
d852da76f,102
d853b843c,41
d85ac7942,14
d85f2a17a,8
d86ebd20a,4
d8749b8dc,90
d8909ecab,17
d89e84047,67
d8a5ce5ff,48
d8bfdb6fe,67
d8c46cf4b,94
d8ca58a4c,36
d8d27a914,4
d8d29bcf8,0
d8f1c6f49,72
d8f64062f,53
d8f81ecea,4
d8f8bccc5,53
d8f9c9f6f,0
d9004decd,47
d907ca7c0,13
d90cad151,33
d90f33907,87
d9111ad4b,75
d913c762d,87
d91b12e12,94
d9268cb57,37
d92a98c89,53
d92df455f,102
d93bfff1d,67
d94097494,102
d95bb7f70,46
d96704410,42
d96c3a358,102
d970c4ffc,24
d97215599,13
d974a8a25,69
d97675b32,0
d97f377fe,19
d982b80ea,0
d98cbb36f,95
d98e07837,72
d9924befc,90
d9a466069,95
d9a8f22b3,49
d9aa13213,73
d9af9a571,48
d9bc877f9,103
d9cb87ad0,64
d9d483387,0
d9d6e7525,73
d9e1e54c4,4
d9e7e7723,45
d9eedd469,48
d9f3637bf,13
da00cc5f6,83
da0416b3b,13
da0a25a77,73
da0fc52e5,73
da176437c,87
da1b9b717,103
da2d31c98,4
da2d9bde4,103
da3a23d4c,49
da4a55d56,26
da4c0be52,68
da5d0dbcc,55
da6606b4f,49
da6f46b28,52
da76579e7,78
da83fb069,75
da98b5bac,47
da9de3c05,77
da9ed562f,103
daa767533,82
daa970cd3,67
dabb82074,48
dac6805a7,93
dacefb140,17
dafe76eea,93
db0212bef,14
db04d5ac6,103
db09a299b,53
db0c2006b,28
db2bf0488,67
db4859b98,82
db49060ae,75
db4a05f64,62
db53bafc8,56
db63379e2,83
db65aac8a,10
db735ff57,18
db789a901,4
db86084d1,64
db8b6aeda,103
db95e1a99,48
db9c84b18,103
db9eca137,12
dba16733f,24
dba8e8e9b,85
dbb2bf69b,30
dbb703916,5
dbc26a259,0
dbc79f0f4,68
dbe581aa8,8
dbe5bf31d,77
dbed4d8d3,13
dbeef740d,81
dbff359cb,75
dbff9bca9,77
dc0f9b59d,49
dc2cac36b,29
dc2ff7073,94
dc370d0dd,99
dc39aab6e,55
dc405fd04,73
dc40a9854,21
dc4338093,24
dc4a5c985,53
dc4f97c9d,78
dc53769ad,73
dc5498af1,15
dc5ba9ff5,102
dc680460e,45
dc77fccc8,7
dc7a50dab,77
dc826db21,11
dc8dc1ad0,103
dc9af495b,13
dca3a0787,36
dcab7fc67,94
dcb79c93a,73
dcbd123a6,70
dcdf04ae1,67
dce29c03a,83
dcf4672c6,14
dd0839e53,53
dd102e397,103
dd103a297,41
dd14b70c4,102
dd1e506e4,4
dd20b2594,62
dd331079f,68
dd33bfef9,72
dd33d59f9,13
dd4899180,103
dd4a193be,9
dd4cb3fbf,39
dd613b9f2,76
dd6301145,55
dd754aab9,18
dd7ae60d1,55
dd7f0f72d,83
dd88fcaa1,53
dd8b1aaca,88
dd959de66,36
dd9cf65da,0
dd9f61326,48
dda771b4a,49
ddaef039b,73
ddb15721b,48
ddb556ab6,88
ddb84d9ab,46
ddbf2eac2,90
ddc1eacff,0
ddc839a0f,82
ddd24583b,80
ddd367d19,4
dde1f48c9,9
dde25205a,71
dde8d3397,49
ddfb8f27b,34
de06ff6f7,82
de23c5486,86
de261e169,4
de4b24dec,87
de757dbb0,103
de847e487,53
de8795ddd,46
de882d4e8,4
de8fd4020,93
de9010824,75
de996c4a9,67
deb571149,43
deb71b934,48
debf90490,4
dede702d8,22
def4dc802,31
df01d58ca,87
df16e4771,11
df17daf47,83
df23921b2,8
df38bb8b2,28
df3b6edcf,51
df4ae0415,67
df5392f38,68
df5a78c3d,67
df723f46d,77
df76ddfcc,2
df88a9d81,73
df89c0568,69
df8c1c48b,56
dfb5140d1,13
dfb75caba,7
dfb7f1e61,25
dfbb8c112,90
dfc4c6de0,72
dfc9c6a23,103
dfceb73a0,18
dfd66382a,75
dfd946ac8,52
dfff0c929,76
e0098a158,103
e00aa2535,0
e00cdee28,53
e0151da58,4
e028101c5,14
e046fb456,4
e053b45c3,67
e079e7ca5,9
e08032ac1,53
e09c2b70d,35
e0a576d7f,10
e0a96117b,67
e0b80caf4,90
e0bf00d7a,67
e0c7c20d8,5
e0df04630,17
e0f242a92,29
e0f2a0864,103
e0fe7e2d0,53
e109f9b0a,68
e1177c121,53
e11a7a42f,67
e12b35292,55
e14129a0d,60
e1494fbde,33
e1499d78e,14
e15365337,95
e161af94b,103
e163f8333,68
e16606faf,59
e178e1fbb,67
e181cdda9,53
e1a0d5f24,17
e1adf9362,100
e1b3d72dd,96
e1b63aee0,29
e1bcbc106,96
e1d159561,93
e1d48d997,49
e1da2a9a7,12
e1e5687f0,4
e1e7f8c61,103
e1f2ff623,103
e1f45be9f,14
e1f685853,73
e20191edf,24
e203d6713,4
e207a9c22,49
e210dc4ed,103
e2194cc70,67
e21d2982a,88
e23369e1c,49
e2372e47a,54
e237880ca,67
e240c69a0,102
e2480f460,50
e24d7d290,73
e2567b48c,50
e256b0ce1,67
e25ca1054,4
e267693a6,30
e269805f6,76
e26d85d35,67
e27e698bf,21
e283e73fc,67
e291c8794,53
e2987599c,12
e2a511303,57
e2aef08ca,4
e2b90e868,23
e2c4e9c91,27
e2cb25f6e,22
e2e81b2c4,95
e2e8f7c06,80
e2e96c56a,72
e2ef28251,67
e2fdce920,4
e3069605c,94
e32696dd7,69
e33bff353,68
e33d3b318,36
e345afe29,10
e34772216,48
e34bf0fa4,49
e3542e88d,53
e36cefcc1,102
e394b0931,76
e39fc5430,36
e3b0ff721,94
e3b70ca71,35
e3b9acc43,41
e3bdad3bb,30
e3beb7e77,7
e3c6e720d,14
e3c7bb70c,68
e3ce14f38,48
e3d055215,24
e3e51f37a,67
e3efeee68,72
e3fb7b8e0,10
e3fc821ef,84
e40a71ec4,80
e416c112a,87
e41a75354,16
e42b8cc4b,59
e43587721,40
e43b134a9,59
e44a6c4d1,50
e44de523d,86
e44ef0f10,49
e45a03866,68
e45a81eb4,4
e45e707db,14
e469820b2,73
e46998f4d,74
e46dce22e,37
e48737634,42
e4ba02634,0
e4bd15b11,95
e4c0f1e32,103
e4cac2e07,27
e4d72ce27,24
e4e16eb70,103
e4e3d8a4f,80
e4f8cae75,82
e53134336,67
e5540e0f5,48
e555f7ecd,103
e557fab37,48
e56916c4c,49
e56f9fd6f,4
e576b00a5,21
e57ba8f31,8
e58b03040,72
e59f4958d,103
e5a6a39de,4
e5b0c4faf,53
e5bc365d0,46
e5eca71e3,4
e5ee0be59,10
e5f6dbca4,48
e60c3bf54,103
e60d19647,79
e60d33c82,13
e611ad6ae,4
e611f94be,4
e6135dd8f,27
e6171fa85,47
e6223db31,7
e635de77c,75
e646d3124,41
e64905c2f,31
e64bd2b5f,29
e6609d48b,0
e665e264d,4
e66879b66,103
e67454090,79
e6798651a,50
e68152d61,4
e68f95550,86
e68ff576e,75
e690ff8ae,67
e696c6605,13
e69a97f86,47
e69b66458,89
e69beeff1,49
e69ddc9c5,56
e69fde9d7,4
e6b713626,4
e6c3f8ec8,80
e6c5fe236,48
e6c7eecab,103
e6c9612bf,50
e6dc466d6,14
e6e68b7da,47
e6ec47b1d,49
e6f327757,50
e70be746d,67
e71ab3905,48
e71ef6701,4
e722a8f86,28
e7292df85,4
e72ba29c5,87
e72c5d3a9,81
e72d6bcc9,67
e730f38fa,72
e7393ca3b,96
e752f8dfa,67
e7571886a,4
e758b0185,13
e75ba2d32,13
e7638c0a5,0
e7661164a,103
e774787e4,57
e7791dc5d,22
e78504c82,48
e7870e8a8,13
e788cdf9b,56
e799e6e75,4
e7b039312,88
e7bda0661,88
e7d33e06f,79
e7d7fec7d,59
e7ec33080,62
e7f0f1e63,57
e80bee440,90
e80ddeb7a,39
e810fbb6b,93
e82201f68,53
e8226fb9c,47
e826a5f20,73
e82bb0f6b,57
e830a4d93,30
e83500196,4
e8475ad43,103
e85121a2c,49
e8612373e,75
e8636b839,49
e86e2a592,62
e87044bc2,12
e8746af68,49
e87c94e9b,41
e881c39e6,73
e88d42b8b,71
e8978b192,0
e8993867e,49
e8a1d04f0,103
e8a5b6337,103
e8a6ceac5,4
e8aba010f,74
e8add9fd5,28
e8bf3b5ec,10
e8c36457a,87
e8c49e13f,57
e8cb185dd,70
e8d0e382a,90
e8d193a43,35
e8e62aa32,69
e914d195f,4
e9178e294,4
e91cb4f98,7
e91e87dd4,48
e925b2ba5,67
e9294bac5,11
e93da9242,12
e94327a54,30
e9471b958,76
e9483b3b2,73
e95556293,85
e955870c5,45
e9564dc47,68
e958b63e2,65
e95ce8077,91
e95f725f6,45
e964c6dcd,93
e96b3436b,24
e96d15acd,50
e98492667,76
e9928cf8f,67
e9a190503,12
e9a2109c0,53
e9a53e9fa,72
e9b9e8a26,49
e9c29b67d,48
e9c5f7cd1,48
e9cf75605,103
e9d6bf3cb,50
e9e0698f5,4
e9fc9a217,47
ea072301c,63
ea0b66dd1,60
ea0d2354f,46
ea16b16c6,68
ea32570af,13
ea36e1b93,75
ea41e95b3,93
ea602cdc8,14
ea6121903,68
ea72034f5,53
ea7342d9a,86
ea755b7f6,39
ea85ab37b,90
ea86d7b46,72
ea8dfdeb3,67
ea915b13b,52
ea95803b6,4
eaa6a3f7f,73
eaa8b622b,73
eaaeacd1c,73
eab53f47e,69
eac0fd0b9,67
ead4c9659,67
eaddf667a,54
eae09f119,103
eaeacfabd,39
eaf19ec05,40
eaf6fbc84,31
eb09ff6cb,7
eb0a1b58b,57
eb0a53a24,13
eb0d37eab,13
eb0f37d39,83
eb1ac3552,4
eb2216bf9,0
eb478b7cb,73
eb4bacc7c,101
eb4dbb060,83
eb5ed44cb,64
eb64f3c3f,94
eb66fce7b,45
eb6dbc774,102
eb71bcdf2,52
eb7854187,47
eb83e32a8,102
eb86fad74,4
eb92d9778,17
eba77622f,71
ebb1d9137,102
ebc1583ce,47
ebc4dfd8f,67
ebc612beb,87
ebc7ae3b0,45
ebd098414,53
ebd745005,13
ebe718ae0,52
ebf692344,4
ec07ab0f1,30
ec09668c7,12
ec15f805f,71
ec33a58aa,47
ec357f612,68
ec3f90c05,67
ec40512de,28
ec51d8607,30
ec53bc088,86
ec53f72bb,33
ec55c0f86,4
ec60dee71,53
ec68ef123,48
ec6b3bff4,52
ec7f6d106,102
ec80c1413,67
ec9d1154a,74
ecaaa5ac1,49
ecadeb0a2,86
ecd73311b,4
ecdb603e1,68
ece8721cd,53
ecf4c1f5a,86
ecf64f4f9,13
ecf751fe5,18
ecfc076ab,20
ed0204f22,47
ed087f460,94
ed0b0e088,39
ed0be72ef,10
ed127c922,73
ed1e5c7aa,44
ed219c7f8,25
ed308c95d,30
ed429fccf,49
ed43b8e78,102
ed4b21055,13
ed55919e7,88
ed55bdf99,45
ed601a04f,13
ed7123e07,102
ed849ee3c,101
ed8c3c3f8,34
ed8f1770c,8
ed91bd814,48
eda07476f,77
eda0c70e5,86
eda20ddee,14
eda9f61b8,103
edad0d3ee,75
edbb2c2f5,48
edbf64b0b,48
edc3e9332,96
edc4bea12,102
edc4d0f73,80
edca7ed7e,5
edecaff0a,67
edf6883b2,44
ee053208c,43
ee19b7f65,67
ee23e898a,103
ee2886544,53
ee2b50aed,22
ee2ee5186,87
ee2fd195b,75
ee3c0e393,67
ee3c66211,53
ee40fc4e5,75
ee41c42cc,68
ee559b5b0,7
ee578c08e,103
ee58ae806,67
ee6340fc0,49
ee64fb7d1,10
ee652c6dc,49
ee6971d20,48
ee705e49b,29
ee83eaa8f,84
ee9242d3c,77
eea83069a,67
eea95e8a8,103
eeb2d5691,96
eeb419776,102
eec3f5ce2,73
eec53fb8d,81
eecfcfd26,103
eed177624,67
eed18198c,21
eed32e9a6,77
eedc4e2f1,102
eee191638,95
eeeb6b66a,45
eef5aa7f3,68
eef606ee4,80
eef64c945,93
eefdd0431,54
ef0ffb5dc,14
ef123cabd,0
ef21b581b,70
ef26ad662,12
ef31624e8,29
ef40d788a,68
ef591cabd,23
ef65f22fb,87
ef68e319a,4
ef6a25c92,13
ef761a150,71
ef7856a23,103
ef799e46d,41
ef8f495c8,67
ef9591f3f,47
ef9f75d12,74
efa3cd848,70
efcc34447,48
efd7dff01,50
efdc65d2f,86
efe50806b,67
f00ba69b7,28
f01658320,67
f028e8401,90
f029a3429,48
f033adb55,72
f03697dc0,77
f04b99dcf,95
f05894941,5
f05946c39,91
f0727012b,83
f07838a9e,78
f096291b7,67
f09cc7902,39
f0a66df4c,103
f0a786428,0
f0abbb0a3,83
f0b002c23,47
f0bdd22d9,71
f0c153cfd,40
f0ca69363,25
f0da19dfd,79
f0dc59c83,8
f0de6586c,93
f0e0f2a32,101
f0e6a679a,4
f0e91b85a,103
f0efb6c04,73
f0f03b04d,102
f0f2f3e0b,4
f0f7be744,21
f0f7de90c,90
f0f900bec,102
f0fd3d741,94
f10187efa,49
f10545931,35
f116f4ff9,76
f1177451e,64
f1184530f,4
f1495d941,67
f14b84f95,43
f1516a306,67
f157a3c6b,49
f1641e325,47
f16b615a7,62
f16b7e08b,9
f18412796,0
f18556a22,103
f1b2738d0,17
f1b4ba5bf,40
f1b51e257,14
f1babf32a,4
f1c7db9eb,75
f1ccc8566,74
f1deb3cc1,102
f1e56842d,98
f1e71c574,103
f1f288bd8,97
f20ae4712,53
f21ab1aa2,4
f21bd29f5,4
f21f7aba6,10
f229ebf45,80
f23084f4b,76
f2419f856,53
f247352ee,39
f247862ee,10
f250dd64e,4
f2586d647,75
f267d94cc,21
f26f199fb,17
f2702f681,103
f2809517f,102
f281ef28e,103
f29fbbe61,96
f2a35c7cd,103
f2a6cb1f9,97
f2a97a3bf,67
f2aefc6cf,93
f2c6cb2b4,102
f2cb54027,10
f2cfe18dd,71
f2d41d6c3,4
f2d476916,45
f2d9b993d,90
f2db90ee7,103
f2defaf74,48
f2ef2873a,43
f2f66f2c0,73
f302f29a2,45
f314ed416,103
f3300dab1,75
f33705a47,4
f337de2b3,94
f347c4666,72
f34e6c4db,40
f351a6e43,73
f353716f8,77
f35bba490,17
f35bfd300,45
f36c00407,67
f37a76430,30
f38c7346b,86
f38eac7db,67
f38fe4cef,103
f39ff7ba2,103
f3a75828c,25
f3a8be142,35
f3b8a1077,73
f3c3215ff,52
f3c88b910,74
f3c989c3c,26
f3d6a27d5,80
f3e1244ca,46
f3e315051,46
f3ee3f7ef,95
f40dffb83,65
f41acf49a,10
f41d18e37,45
f421c6ffc,73
f424ad351,103
f42d2d722,15
f437c8815,97
f441c7185,28
f458034d1,50
f4672d1aa,80
f4684cdeb,67
f468cfed1,67
f48aad6a7,0
f49141ac9,49
f4ac8bd6c,103
f4c3dcb09,103
f4c6d5b0d,56
f4cd5efa6,69
f4db33d12,48
f4dd28145,94
f4f248df9,48
f4fee0e27,42
f4feeb150,72
f50280136,57
f50873a8c,42
f509e2cff,0
f51e1baf9,6
f5207be25,67
f5277593f,14
f52f85873,43
f534d4ae1,76
f53f2f68b,103
f552eaaed,83
f553000bb,46
f557afe91,80
f55caa50e,12
f563b8f1b,97
f56efef52,59
f56f35811,49
f58d7487e,62
f58f83775,39
f59c3ad7f,103
f5a3fd7b5,53
f5a7cbd09,22
f5aa796ed,53
f5ae2d10f,25
f5b855bb6,92
f5c310736,0
f5ce3d423,102
f5d022470,55
f5da36491,68
f5e86abe9,47
f60ba81cc,85
f61465618,79
f616c93fb,103
f62c0973f,67
f62d1e472,81
f638a96fd,54
f638bd582,67
f63a9b6fa,52
f6482ab55,48
f65475a24,48
f6610b1d4,72
f66e3a446,82
f670aa5ac,36
f67596886,103
f67795cc5,72
f68109bb5,38
f6820c410,91
f68529efb,4
f69023f40,103
f69355cc5,97
f696ea622,50
f69a85264,62
f69e60044,4
f6c766f77,57
f6d873abc,16
f6dfa3eaa,67
f6e02f90d,34
f6e9739ff,78
f6ec8db9e,103
f6f0e3d49,53
f6f3f541d,91
f6f80e6cd,89
f6f821392,91
f6fe43282,5
f7019798c,94
f7034380f,70
f7107a3a4,62
f718d5fff,102
f735fb308,24
f73820e9d,3
f73a6bda6,83
f7457839f,89
f76006728,10
f7696fbde,13
f77e765b4,14
f7890fb5d,71
f789af170,50
f78d35dfd,54
f78eecf21,103
f796dac32,51
f7ad645eb,78
f7da480ea,53
f7ec97ce1,93
f7eede84e,78
f7f17ae72,0
f7f45e1d2,40
f7f77acb9,91
f7fd08c1a,95
f7fe0d522,14
f809ac529,75
f80b1c8c1,75
f80c8bbf5,24
f80f02286,102
f811b7fa3,53
f8221646b,49
f822afd0d,103
f8326b046,18
f83823a7e,57
f83e299b4,67
f83f81e9c,48
f84335116,40
f84be6387,47
f85a5ee9a,73
f85c3cd52,48
f85f090f3,101
f86503c22,67
f87390b13,67
f880b1d01,45
f88592f94,48
f88f94471,77
f8933e5d2,47
f89a5307c,43
f8aff0cd2,55
f8b20dc7f,49
f8b87bb44,87
f8bffd3d7,102
f8c41bdad,91
f8d2fe6e2,45
f8da03f7a,75
f8db20c1f,73
f8eb6ec7c,79
f9096c83a,103
f90aea0fd,95
f90c673f8,68
f90f6d589,103
f91c76038,53
f92de8523,29
f92ea03e2,64
f938b8711,103
f938ff523,29
f93b17627,47
f94013d99,80
f95b41656,53
f95d4b24c,65
f9618eb56,50
f969c00cd,29
f9731b808,21
f97785498,22
f985ee0da,53
f986f94f0,36
f98f94bac,51
f99834b3e,90
f99c51769,53
f99cc22d6,4
f9a14ea8d,91
f9acd27a7,4
f9b3f2991,103
f9b4d0e4a,12
f9c4254e7,14
f9c5a4820,67
f9c931893,53
f9d24e47a,10
f9dcd69e3,67
f9de43fb7,46
f9eb9c412,56
f9f196acc,34
fa05f57cd,4
fa0d9a392,18
fa19200be,34
fa1a492ed,77
fa434878b,0
fa43f67ed,103
fa53d140b,74
fa612d18c,76
fa7866999,48
faa0dd647,76
fab2df372,73
fab4eca91,95
fabc19e97,96
fac4230e7,82
fac66356f,20
fac7af031,96
fac9307e4,77
fae67c6fb,24
fb02c411b,94
fb094c9bc,81
fb223c3be,73
fb2895935,67
fb2b2e956,71
fb3530a46,76
fb41fa092,22
fb4b0daa2,18
fb532209f,46
fb56bcd7d,73
fb5b6c2e7,97
fb60964fd,72
fb61eca01,102
fb67e5172,53
fb6d4648a,21
fb745f800,47
fb78539c2,81
fb7984b64,89
fb7d17d79,14
fb83a0899,87
fb85ca687,67
fb87ee5a3,46
fb8be9bfa,14
fb8d27d87,80
fb91caf96,7
fb93c4c46,18
fb9520cef,93
fb9a6a9b5,67
fba0bb7e1,68
fbae2fb1a,49
fbbd35173,48
fbc1f1f89,49
fbc29acc1,4
fbc9ef0f9,62
fbceab432,10
fbfb8db0b,4
fbfd88b1c,49
fbfd9cd87,78
fc13d942e,4
fc2199013,7
fc220624a,18
fc2f9869f,48
fc354c0c0,77
fc3f3fa1f,28
fc4486b5e,71
fc4e189da,4
fc4e90060,67
fc601ec84,86
fc6b8b594,70
fc6fa6753,62
fc70a3b37,84
fc7362a16,67
fc7c304b6,9
fc836e711,4
fc8428025,49
fc85dadd3,97
fc8af9bd9,85
fca2f698a,18
fcac5a7e5,20
fcb1d086a,30
fcb500296,91
fcc54c894,73
fcd2cb7e0,49
fcebd07c5,74
fd0121113,102
fd168583e,4
fd1ebe8cb,102
fd25ed5d2,93
fd2bd5f1e,103
fd311eab7,103
fd33b68d1,67
fd33eec2e,80
fd34d7c8b,52
fd3bba010,62
fd3fb66f0,103
fd44aaefd,102
fd53118ce,77
fd5cd4e2c,73
fd5eb7e8c,0
fd6b80e18,5
fd704758e,103
fd7cd952e,69
fd88bb2c5,78
fda42498c,4
fda794abb,81
fdaf286c6,14
fdc6bab48,48
fdf61c313,56
fdf659ef5,75
fdf7c8fe5,49
fe0e1d7c2,72
fe1615399,86
fe1669ffd,75
fe1857f3f,43
fe195b05f,0
fe1fcc972,53
fe214efde,75
fe2bfa700,70
fe2c0a711,4
fe30ebb03,47
fe3642b3d,48
fe40a3dae,45
fe590ee52,102
fe6889fe9,87
fe6991e3d,48
fe6da2049,29
fe737e3b1,43
fe75697b0,4
fe7857419,86
fe80ea2ff,29
fe824e9b2,46
fe843e592,103
fe9040ec8,67
fea37b294,13
fea3b6b40,13
fec3fbd0f,81
fec748ff7,49
fee2ad37f,67
fee53d77a,73
fee9f7c67,49
fef2b59d5,103
fef98a71f,73
fef9f8524,78
ff02d53d8,73
ff0e67f2f,48
ff1935c29,11
ff264d2db,76
ff2804289,47
ff2e1b825,103
ff2ebb52f,61
ff30e8b96,26
ff37e4d13,5
ff5892e0a,23
ff5d4568e,62
ff5fdbd84,14
ff6213278,11
ff67d505e,81
ff889e23b,77
ff9c8d8ee,14
ffb840ebc,103
ffccd38bb,71
ffcda7d10,47
ffd3661d4,102
ffe68f250,44
ffed2a555,65
